transformation_type,input_items,output_items,metadata
bartering,"[""Gold Ingot""]","[""Enchanted Book""]",{}
bartering,"[""Gold Ingot""]","[""Iron Boots""]",{}
bartering,"[""Gold Ingot""]","[""Splash Potion of Fire Resistance""]",{}
bartering,"[""Gold Ingot""]","[""Potion of Fire Resistance""]",{}
bartering,"[""Gold Ingot""]","[""Water Bottle""]",{}
bartering,"[""Gold Ingot""]","[""Dried Ghast""]",{}
bartering,"[""Gold Ingot""]","[""Iron Nugget""]",{}
bartering,"[""Gold Ingot""]","[""Ender Pearl""]",{}
bartering,"[""Gold Ingot""]","[""String""]",{}
bartering,"[""Gold Ingot""]","[""Nether Quartz""]",{}
bartering,"[""Gold Ingot""]","[""Obsidian""]",{}
bartering,"[""Gold Ingot""]","[""Fire Charge""]",{}
bartering,"[""Gold Ingot""]","[""Crying Obsidian""]",{}
bartering,"[""Gold Ingot""]","[""Leather""]",{}
bartering,"[""Gold Ingot""]","[""Soul Sand""]",{}
bartering,"[""Gold Ingot""]","[""Nether Brick""]",{}
bartering,"[""Gold Ingot""]","[""Spectral Arrow""]",{}
bartering,"[""Gold Ingot""]","[""Gravel""]",{}
bartering,"[""Gold Ingot""]","[""Blackstone""]",{}
brewing,"[""Nether Wart""]","[""Water Bottle""]",{}
brewing,"[""Rabbit's Foot"", ""Blaze Powder"", ""Redstone Dust"", ""Breeze Rod"", ""Slime Block"", ""Cobweb"", ""Glistering Melon Slice"", ""Ghast Tear"", ""Sugar"", ""Spider Eye"", ""Magma Cream"", ""Stone""]","[""Water Bottle""]",{}
brewing,"[""Glowstone Dust""]","[""Water Bottle""]",{}
brewing,"[""Glistering Melon Slice""]","[""Awkward Potion""]",{}
brewing,"[""Magma Cream""]","[""Awkward Potion""]",{}
brewing,"[""Ghast Tear""]","[""Awkward Potion""]",{}
brewing,"[""Blaze Powder""]","[""Awkward Potion""]",{}
brewing,"[""Sugar""]","[""Awkward Potion""]",{}
brewing,"[""Golden Carrot""]","[""Awkward Potion""]",{}
brewing,"[""Fermented Spider Eye""]","[""Potion of Night Vision""]",{}
brewing,"[""Pufferfish""]","[""Awkward Potion""]",{}
brewing,"[""Rabbit's Foot""]","[""Awkward Potion""]",{}
brewing,"[""Phantom Membrane""]","[""Awkward Potion""]",{}
brewing,"[""Spider Eye""]","[""Awkward Potion""]",{}
brewing,"[""Fermented Spider Eye""]","[""Water Bottle""]",{}
brewing,"[""Fermented Spider Eye""]","[""Potion of Healing""]",{}
brewing,"[""Fermented Spider Eye""]","[""Potion of Swiftness""]",{}
brewing,"[""Slime Block""]","[""Awkward Potion""]",{}
brewing,"[""Cobweb""]","[""Awkward Potion""]",{}
brewing,"[""Stone""]","[""Awkward Potion""]",{}
brewing,"[""Breeze Rod""]","[""Awkward Potion""]",{}
brewing,"[""Turtle Shell""]","[""Awkward Potion""]",{}
brewing,"[""Fermented Spider Eye""]","[""Awkward Potion""]",{}
brewing,"[""Fermented Spider Eye""]","[""Potion of Strength""]",{}
composting,"[""Cactus""]","[""Bone Meal""]","{""success_rate"": 0.5}"
composting,"[""Dried Kelp Block""]","[""Bone Meal""]","{""success_rate"": 0.5}"
composting,"[""Flowering Azalea Leaves""]","[""Bone Meal""]","{""success_rate"": 0.5}"
composting,"[""Glow Lichen""]","[""Bone Meal""]","{""success_rate"": 0.5}"
composting,"[""Melon Slice""]","[""Bone Meal""]","{""success_rate"": 0.5}"
composting,"[""Nether Sprouts""]","[""Bone Meal""]","{""success_rate"": 0.5}"
composting,"[""Sugar Cane""]","[""Bone Meal""]","{""success_rate"": 0.5}"
composting,"[""Tall Grass""]","[""Bone Meal""]","{""success_rate"": 0.5}"
composting,"[""Twisting Vines""]","[""Bone Meal""]","{""success_rate"": 0.5}"
composting,"[""Vines""]","[""Bone Meal""]","{""success_rate"": 0.5}"
composting,"[""Weeping Vines""]","[""Bone Meal""]","{""success_rate"": 0.5}"
composting,"[""Apple""]","[""Bone Meal""]","{""success_rate"": 0.65}"
composting,"[""Azalea""]","[""Bone Meal""]","{""success_rate"": 0.65}"
composting,"[""Beetroot""]","[""Bone Meal""]","{""success_rate"": 0.65}"
composting,"[""Big Dripleaf""]","[""Bone Meal""]","{""success_rate"": 0.65}"
composting,"[""Carrot""]","[""Bone Meal""]","{""success_rate"": 0.65}"
composting,"[""Cocoa Beans""]","[""Bone Meal""]","{""success_rate"": 0.65}"
composting,"[""Fern""]","[""Bone Meal""]","{""success_rate"": 0.65}"
composting,"[""Flowers""]","[""Bone Meal""]","{""success_rate"": 0.65}"
composting,"[""Large Fern""]","[""Bone Meal""]","{""success_rate"": 0.65}"
composting,"[""Lily Pad""]","[""Bone Meal""]","{""success_rate"": 0.65}"
composting,"[""Melon""]","[""Bone Meal""]","{""success_rate"": 0.65}"
composting,"[""Moss Block""]","[""Bone Meal""]","{""success_rate"": 0.65}"
composting,"[""Mushrooms""]","[""Bone Meal""]","{""success_rate"": 0.65}"
composting,"[""Mushroom Stem""]","[""Bone Meal""]","{""success_rate"": 0.65}"
composting,"[""Nether Fungi""]","[""Bone Meal""]","{""success_rate"": 0.65}"
composting,"[""Nether Wart""]","[""Bone Meal""]","{""success_rate"": 0.65}"
composting,"[""Pale Moss Block""]","[""Bone Meal""]","{""success_rate"": 0.65}"
composting,"[""Potato""]","[""Bone Meal""]","{""success_rate"": 0.65}"
composting,"[""Pumpkin""]","[""Bone Meal""]","{""success_rate"": 0.65}"
composting,"[""Crimson Roots""]","[""Bone Meal""]","{""success_rate"": 0.65}"
composting,"[""Warped Roots""]","[""Bone Meal""]","{""success_rate"": 0.65}"
composting,"[""Sea Pickle""]","[""Bone Meal""]","{""success_rate"": 0.65}"
composting,"[""Shroomlight""]","[""Bone Meal""]","{""success_rate"": 0.65}"
composting,"[""Spore Blossom""]","[""Bone Meal""]","{""success_rate"": 0.65}"
composting,"[""Wheat""]","[""Bone Meal""]","{""success_rate"": 0.65}"
composting,"[""Wither Rose""]","[""Bone Meal""]","{""success_rate"": 0.65}"
composting,"[""Baked Potato""]","[""Bone Meal""]","{""success_rate"": 0.85}"
composting,"[""Bread""]","[""Bone Meal""]","{""success_rate"": 0.85}"
composting,"[""Cookie""]","[""Bone Meal""]","{""success_rate"": 0.85}"
composting,"[""Flowering Azalea""]","[""Bone Meal""]","{""success_rate"": 0.85}"
composting,"[""Hay Bale""]","[""Bone Meal""]","{""success_rate"": 0.85}"
composting,"[""Mushroom Block""]","[""Bone Meal""]","{""success_rate"": 0.85}"
composting,"[""Nether Wart Block""]","[""Bone Meal""]","{""success_rate"": 0.85}"
composting,"[""Pitcher Plant""]","[""Bone Meal""]","{""success_rate"": 0.85}"
composting,"[""Torchflower""]","[""Bone Meal""]","{""success_rate"": 0.85}"
composting,"[""Warped Wart Block""]","[""Bone Meal""]","{""success_rate"": 0.85}"
composting,"[""Cake""]","[""Bone Meal""]","{""success_rate"": 1.0}"
composting,"[""Pumpkin Pie""]","[""Bone Meal""]","{""success_rate"": 1.0}"
crafting,"[""Gold Ingot""]","[""Block of Gold""]","{""category"": ""building_blocks""}"
crafting,"[""Iron Ingot""]","[""Block of Iron""]","{""category"": ""building_blocks""}"
crafting,"[""Brick""]","[""Bricks""]","{""category"": ""building_blocks""}"
crafting,"[""Diamond""]","[""Block of Diamond""]","{""category"": ""building_blocks""}"
crafting,"[""Stone""]","[""Stone Slab""]","{""category"": ""building_blocks""}"
crafting,"[""Book"", ""Oak Planks""]","[""Bookshelf""]","{""has_alternatives"": true, ""category"": ""building_blocks""}"
crafting,"[""Spruce Planks"", ""Book""]","[""Bookshelf""]","{""has_alternatives"": true, ""category"": ""building_blocks""}"
crafting,"[""Book"", ""Birch Planks""]","[""Bookshelf""]","{""has_alternatives"": true, ""category"": ""building_blocks""}"
crafting,"[""Book"", ""Jungle Planks""]","[""Bookshelf""]","{""has_alternatives"": true, ""category"": ""building_blocks""}"
crafting,"[""Book"", ""Acacia Planks""]","[""Bookshelf""]","{""has_alternatives"": true, ""category"": ""building_blocks""}"
crafting,"[""Book"", ""Dark Oak Planks""]","[""Bookshelf""]","{""has_alternatives"": true, ""category"": ""building_blocks""}"
crafting,"[""Book"", ""Mangrove Planks""]","[""Bookshelf""]","{""has_alternatives"": true, ""category"": ""building_blocks""}"
crafting,"[""Cherry Planks"", ""Book""]","[""Bookshelf""]","{""has_alternatives"": true, ""category"": ""building_blocks""}"
crafting,"[""Book"", ""Pale Oak Planks""]","[""Bookshelf""]","{""has_alternatives"": true, ""category"": ""building_blocks""}"
crafting,"[""Bamboo Planks"", ""Book""]","[""Bookshelf""]","{""has_alternatives"": true, ""category"": ""building_blocks""}"
crafting,"[""Crimson Planks"", ""Book""]","[""Bookshelf""]","{""has_alternatives"": true, ""category"": ""building_blocks""}"
crafting,"[""Warped Planks"", ""Book""]","[""Bookshelf""]","{""has_alternatives"": true, ""category"": ""building_blocks""}"
crafting,"[""Snowball""]","[""Snow Block""]","{""category"": ""building_blocks""}"
crafting,"[""Clay Ball""]","[""Clay""]","{""category"": ""building_blocks""}"
crafting,"[""Vines"", ""Cobblestone""]","[""Mossy Cobblestone""]","{""has_alternatives"": true, ""category"": ""building_blocks""}"
crafting,"[""Moss Block"", ""Cobblestone""]","[""Mossy Cobblestone""]","{""has_alternatives"": true, ""category"": ""building_blocks""}"
crafting,"[""Carved Pumpkin"", ""Torch""]","[""Jack o'Lantern""]","{""category"": ""building_blocks""}"
crafting,"[""Glowstone Dust""]","[""Glowstone""]","{""category"": ""building_blocks""}"
crafting,"[""String""]","[""White Wool""]","{""category"": ""building_blocks""}"
crafting,"[""White Wool"", ""White Dye""]","[""White Wool""]","{""has_alternatives"": true, ""category"": ""building_blocks""}"
crafting,"[""Light Gray Wool"", ""Light Gray Dye""]","[""Light Gray Wool""]","{""has_alternatives"": true, ""category"": ""building_blocks""}"
crafting,"[""Gray Wool"", ""Gray Dye""]","[""Gray Wool""]","{""has_alternatives"": true, ""category"": ""building_blocks""}"
crafting,"[""Black Dye"", ""Black Wool""]","[""Black Wool""]","{""has_alternatives"": true, ""category"": ""building_blocks""}"
crafting,"[""Brown Wool"", ""Brown Dye""]","[""Brown Wool""]","{""has_alternatives"": true, ""category"": ""building_blocks""}"
crafting,"[""Red Dye"", ""Red Wool""]","[""Red Wool""]","{""has_alternatives"": true, ""category"": ""building_blocks""}"
crafting,"[""Orange Wool"", ""Orange Dye""]","[""Orange Wool""]","{""has_alternatives"": true, ""category"": ""building_blocks""}"
crafting,"[""Yellow Dye"", ""Yellow Wool""]","[""Yellow Wool""]","{""has_alternatives"": true, ""category"": ""building_blocks""}"
crafting,"[""Lime Wool"", ""Lime Dye""]","[""Lime Wool""]","{""has_alternatives"": true, ""category"": ""building_blocks""}"
crafting,"[""Green Wool"", ""Green Dye""]","[""Green Wool""]","{""has_alternatives"": true, ""category"": ""building_blocks""}"
crafting,"[""Cyan Dye"", ""Cyan Wool""]","[""Cyan Wool""]","{""has_alternatives"": true, ""category"": ""building_blocks""}"
crafting,"[""Light Blue Wool"", ""Light Blue Dye""]","[""Light Blue Wool""]","{""has_alternatives"": true, ""category"": ""building_blocks""}"
crafting,"[""Blue Dye"", ""Blue Wool""]","[""Blue Wool""]","{""has_alternatives"": true, ""category"": ""building_blocks""}"
crafting,"[""Purple Dye"", ""Purple Wool""]","[""Purple Wool""]","{""has_alternatives"": true, ""category"": ""building_blocks""}"
crafting,"[""Magenta Wool"", ""Magenta Dye""]","[""Magenta Wool""]","{""has_alternatives"": true, ""category"": ""building_blocks""}"
crafting,"[""Pink Wool"", ""Pink Dye""]","[""Pink Wool""]","{""has_alternatives"": true, ""category"": ""building_blocks""}"
crafting,"[""Sand""]","[""Sandstone""]","{""category"": ""building_blocks""}"
crafting,"[""Lapis Lazuli""]","[""Block of Lapis Lazuli""]","{""category"": ""building_blocks""}"
crafting,"[""Stone""]","[""Stone Stairs""]","{""category"": ""building_blocks""}"
crafting,"[""Oak Planks""]","[""Oak Slab""]","{""has_alternatives"": true, ""category"": ""building_blocks""}"
crafting,"[""Spruce Planks""]","[""Spruce Slab""]","{""has_alternatives"": true, ""category"": ""building_blocks""}"
crafting,"[""Birch Planks""]","[""Birch Slab""]","{""has_alternatives"": true, ""category"": ""building_blocks""}"
crafting,"[""Jungle Planks""]","[""Jungle Slab""]","{""has_alternatives"": true, ""category"": ""building_blocks""}"
crafting,"[""Acacia Planks""]","[""Acacia Slab""]","{""has_alternatives"": true, ""category"": ""building_blocks""}"
crafting,"[""Dark Oak Planks""]","[""Dark Oak Slab""]","{""has_alternatives"": true, ""category"": ""building_blocks""}"
crafting,"[""Mangrove Planks""]","[""Mangrove Slab""]","{""has_alternatives"": true, ""category"": ""building_blocks""}"
crafting,"[""Cherry Planks""]","[""Cherry Slab""]","{""has_alternatives"": true, ""category"": ""building_blocks""}"
crafting,"[""Pale Oak Planks""]","[""Pale Oak Slab""]","{""has_alternatives"": true, ""category"": ""building_blocks""}"
crafting,"[""Bamboo Planks""]","[""Bamboo Slab""]","{""has_alternatives"": true, ""category"": ""building_blocks""}"
crafting,"[""Crimson Planks""]","[""Crimson Slab""]","{""has_alternatives"": true, ""category"": ""building_blocks""}"
crafting,"[""Warped Planks""]","[""Warped Slab""]","{""has_alternatives"": true, ""category"": ""building_blocks""}"
crafting,"[""Oak Planks""]","[""Oak Stairs""]","{""has_alternatives"": true, ""category"": ""building_blocks""}"
crafting,"[""Spruce Planks""]","[""Spruce Stairs""]","{""has_alternatives"": true, ""category"": ""building_blocks""}"
crafting,"[""Birch Planks""]","[""Birch Stairs""]","{""has_alternatives"": true, ""category"": ""building_blocks""}"
crafting,"[""Jungle Planks""]","[""Jungle Stairs""]","{""has_alternatives"": true, ""category"": ""building_blocks""}"
crafting,"[""Acacia Planks""]","[""Acacia Stairs""]","{""has_alternatives"": true, ""category"": ""building_blocks""}"
crafting,"[""Dark Oak Planks""]","[""Dark Oak Stairs""]","{""has_alternatives"": true, ""category"": ""building_blocks""}"
crafting,"[""Mangrove Planks""]","[""Mangrove Stairs""]","{""has_alternatives"": true, ""category"": ""building_blocks""}"
crafting,"[""Cherry Planks""]","[""Cherry Stairs""]","{""has_alternatives"": true, ""category"": ""building_blocks""}"
crafting,"[""Pale Oak Planks""]","[""Pale Oak Stairs""]","{""has_alternatives"": true, ""category"": ""building_blocks""}"
crafting,"[""Bamboo Planks""]","[""Bamboo Stairs""]","{""has_alternatives"": true, ""category"": ""building_blocks""}"
crafting,"[""Crimson Planks""]","[""Crimson Stairs""]","{""has_alternatives"": true, ""category"": ""building_blocks""}"
crafting,"[""Warped Planks""]","[""Warped Stairs""]","{""has_alternatives"": true, ""category"": ""building_blocks""}"
crafting,"[""Sandstone""]","[""Sandstone Slab""]","{""has_alternatives"": true, ""category"": ""building_blocks""}"
crafting,"[""Chiseled Sandstone""]","[""Sandstone Slab""]","{""has_alternatives"": true, ""category"": ""building_blocks""}"
crafting,"[""Cobblestone""]","[""Cobblestone Slab""]","{""category"": ""building_blocks""}"
crafting,"[""Cobblestone""]","[""Cobblestone Stairs""]","{""category"": ""building_blocks""}"
crafting,"[""Stone""]","[""Stone Bricks""]","{""category"": ""building_blocks""}"
crafting,"[""Melon Slice""]","[""Melon""]","{""category"": ""building_blocks""}"
crafting,"[""Bricks""]","[""Brick Slab""]","{""category"": ""building_blocks""}"
crafting,"[""Bricks""]","[""Brick Stairs""]","{""category"": ""building_blocks""}"
crafting,"[""Stone Bricks""]","[""Stone Brick Stairs""]","{""category"": ""building_blocks""}"
crafting,"[""Nether Brick""]","[""Nether Bricks""]","{""category"": ""building_blocks""}"
crafting,"[""Nether Bricks""]","[""Nether Brick Stairs""]","{""category"": ""building_blocks""}"
crafting,"[""Stone Bricks""]","[""Stone Brick Slab""]","{""category"": ""building_blocks""}"
crafting,"[""Sandstone Slab""]","[""Chiseled Sandstone""]","{""category"": ""building_blocks""}"
crafting,"[""Sandstone""]","[""Sandstone Stairs""]","{""has_alternatives"": true, ""category"": ""building_blocks""}"
crafting,"[""Cut Sandstone""]","[""Sandstone Stairs""]","{""has_alternatives"": true, ""category"": ""building_blocks""}"
crafting,"[""Chiseled Sandstone""]","[""Sandstone Stairs""]","{""has_alternatives"": true, ""category"": ""building_blocks""}"
crafting,"[""Emerald""]","[""Block of Emerald""]","{""category"": ""building_blocks""}"
crafting,"[""Nether Bricks""]","[""Nether Brick Slab""]","{""category"": ""building_blocks""}"
crafting,"[""Oak Log""]","[""Oak Planks""]","{""has_alternatives"": true, ""category"": ""building_blocks""}"
crafting,"[""Spruce Log""]","[""Oak Planks""]","{""has_alternatives"": true, ""category"": ""building_blocks""}"
crafting,"[""Birch Log""]","[""Oak Planks""]","{""has_alternatives"": true, ""category"": ""building_blocks""}"
crafting,"[""Jungle Log""]","[""Oak Planks""]","{""has_alternatives"": true, ""category"": ""building_blocks""}"
crafting,"[""Acacia Log""]","[""Oak Planks""]","{""has_alternatives"": true, ""category"": ""building_blocks""}"
crafting,"[""Dark Oak Log""]","[""Oak Planks""]","{""has_alternatives"": true, ""category"": ""building_blocks""}"
crafting,"[""Mangrove Log""]","[""Oak Planks""]","{""has_alternatives"": true, ""category"": ""building_blocks""}"
crafting,"[""Cherry Log""]","[""Oak Planks""]","{""has_alternatives"": true, ""category"": ""building_blocks""}"
crafting,"[""Pale Oak Log""]","[""Oak Planks""]","{""has_alternatives"": true, ""category"": ""building_blocks""}"
crafting,"[""Crimson Stem""]","[""Oak Planks""]","{""has_alternatives"": true, ""category"": ""building_blocks""}"
crafting,"[""Warped Stem""]","[""Oak Planks""]","{""has_alternatives"": true, ""category"": ""building_blocks""}"
crafting,"[""Stripped Oak Log""]","[""Oak Planks""]","{""has_alternatives"": true, ""category"": ""building_blocks""}"
crafting,"[""Stripped Spruce Log""]","[""Oak Planks""]","{""has_alternatives"": true, ""category"": ""building_blocks""}"
crafting,"[""Stripped Birch Log""]","[""Oak Planks""]","{""has_alternatives"": true, ""category"": ""building_blocks""}"
crafting,"[""Stripped Jungle Log""]","[""Oak Planks""]","{""has_alternatives"": true, ""category"": ""building_blocks""}"
crafting,"[""Stripped Acacia Log""]","[""Oak Planks""]","{""has_alternatives"": true, ""category"": ""building_blocks""}"
crafting,"[""Stripped Dark Oak Log""]","[""Oak Planks""]","{""has_alternatives"": true, ""category"": ""building_blocks""}"
crafting,"[""Stripped Mangrove Log""]","[""Oak Planks""]","{""has_alternatives"": true, ""category"": ""building_blocks""}"
crafting,"[""Stripped Cherry Log""]","[""Oak Planks""]","{""has_alternatives"": true, ""category"": ""building_blocks""}"
crafting,"[""Stripped Pale Oak Log""]","[""Oak Planks""]","{""has_alternatives"": true, ""category"": ""building_blocks""}"
crafting,"[""Stripped Crimson Stem""]","[""Oak Planks""]","{""has_alternatives"": true, ""category"": ""building_blocks""}"
crafting,"[""Stripped Warped Stem""]","[""Oak Planks""]","{""has_alternatives"": true, ""category"": ""building_blocks""}"
crafting,"[""Oak Wood""]","[""Oak Planks""]","{""has_alternatives"": true, ""category"": ""building_blocks""}"
crafting,"[""Spruce Wood""]","[""Oak Planks""]","{""has_alternatives"": true, ""category"": ""building_blocks""}"
crafting,"[""Birch Wood""]","[""Oak Planks""]","{""has_alternatives"": true, ""category"": ""building_blocks""}"
crafting,"[""Jungle Wood""]","[""Oak Planks""]","{""has_alternatives"": true, ""category"": ""building_blocks""}"
crafting,"[""Acacia Wood""]","[""Oak Planks""]","{""has_alternatives"": true, ""category"": ""building_blocks""}"
crafting,"[""Dark Oak Wood""]","[""Oak Planks""]","{""has_alternatives"": true, ""category"": ""building_blocks""}"
crafting,"[""Mangrove Wood""]","[""Oak Planks""]","{""has_alternatives"": true, ""category"": ""building_blocks""}"
crafting,"[""Cherry Wood""]","[""Oak Planks""]","{""has_alternatives"": true, ""category"": ""building_blocks""}"
crafting,"[""Pale Oak Wood""]","[""Oak Planks""]","{""has_alternatives"": true, ""category"": ""building_blocks""}"
crafting,"[""Crimson Hyphae""]","[""Oak Planks""]","{""has_alternatives"": true, ""category"": ""building_blocks""}"
crafting,"[""Warped Hyphae""]","[""Oak Planks""]","{""has_alternatives"": true, ""category"": ""building_blocks""}"
crafting,"[""Stripped Oak Wood""]","[""Oak Planks""]","{""has_alternatives"": true, ""category"": ""building_blocks""}"
crafting,"[""Stripped Spruce Wood""]","[""Oak Planks""]","{""has_alternatives"": true, ""category"": ""building_blocks""}"
crafting,"[""Stripped Birch Wood""]","[""Oak Planks""]","{""has_alternatives"": true, ""category"": ""building_blocks""}"
crafting,"[""Stripped Jungle Wood""]","[""Oak Planks""]","{""has_alternatives"": true, ""category"": ""building_blocks""}"
crafting,"[""Stripped Acacia Wood""]","[""Oak Planks""]","{""has_alternatives"": true, ""category"": ""building_blocks""}"
crafting,"[""Stripped Dark Oak Wood""]","[""Oak Planks""]","{""has_alternatives"": true, ""category"": ""building_blocks""}"
crafting,"[""Stripped Mangrove Wood""]","[""Oak Planks""]","{""has_alternatives"": true, ""category"": ""building_blocks""}"
crafting,"[""Stripped Cherry Wood""]","[""Oak Planks""]","{""has_alternatives"": true, ""category"": ""building_blocks""}"
crafting,"[""Stripped Pale Oak Wood""]","[""Oak Planks""]","{""has_alternatives"": true, ""category"": ""building_blocks""}"
crafting,"[""Stripped Crimson Hyphae""]","[""Oak Planks""]","{""has_alternatives"": true, ""category"": ""building_blocks""}"
crafting,"[""Stripped Warped Hyphae""]","[""Oak Planks""]","{""has_alternatives"": true, ""category"": ""building_blocks""}"
crafting,"[""Block of Bamboo""]","[""Bamboo Planks""]","{""has_alternatives"": true, ""category"": ""building_blocks""}"
crafting,"[""Block of Stripped Bamboo""]","[""Bamboo Planks""]","{""has_alternatives"": true, ""category"": ""building_blocks""}"
crafting,"[""Nether Quartz""]","[""Block of Quartz""]","{""category"": ""building_blocks""}"
crafting,"[""Block of Quartz""]","[""Quartz Bricks""]","{""category"": ""building_blocks""}"
crafting,"[""Block of Quartz""]","[""Quartz Pillar""]","{""category"": ""building_blocks""}"
crafting,"[""Block of Quartz""]","[""Quartz Slab""]","{""has_alternatives"": true, ""category"": ""building_blocks""}"
crafting,"[""Chiseled Quartz Block""]","[""Quartz Slab""]","{""has_alternatives"": true, ""category"": ""building_blocks""}"
crafting,"[""Quartz Pillar""]","[""Quartz Slab""]","{""has_alternatives"": true, ""category"": ""building_blocks""}"
crafting,"[""Block of Quartz""]","[""Quartz Stairs""]","{""has_alternatives"": true, ""category"": ""building_blocks""}"
crafting,"[""Chiseled Quartz Block""]","[""Quartz Stairs""]","{""has_alternatives"": true, ""category"": ""building_blocks""}"
crafting,"[""Quartz Pillar""]","[""Quartz Stairs""]","{""has_alternatives"": true, ""category"": ""building_blocks""}"
crafting,"[""Quartz Slab""]","[""Chiseled Quartz Block""]","{""category"": ""building_blocks""}"
crafting,"[""Wheat""]","[""Hay Bale""]","{""category"": ""building_blocks""}"
crafting,"[""Coal""]","[""Block of Coal""]","{""category"": ""building_blocks""}"
crafting,"[""Terracotta"", ""White Dye""]","[""White Terracotta""]","{""has_alternatives"": true, ""category"": ""building_blocks""}"
crafting,"[""Terracotta"", ""Light Gray Dye""]","[""Light Gray Terracotta""]","{""has_alternatives"": true, ""category"": ""building_blocks""}"
crafting,"[""Terracotta"", ""Gray Dye""]","[""Gray Terracotta""]","{""has_alternatives"": true, ""category"": ""building_blocks""}"
crafting,"[""Terracotta"", ""Black Dye""]","[""Black Terracotta""]","{""has_alternatives"": true, ""category"": ""building_blocks""}"
crafting,"[""Terracotta"", ""Brown Dye""]","[""Brown Terracotta""]","{""has_alternatives"": true, ""category"": ""building_blocks""}"
crafting,"[""Red Dye"", ""Terracotta""]","[""Red Terracotta""]","{""has_alternatives"": true, ""category"": ""building_blocks""}"
crafting,"[""Orange Dye"", ""Terracotta""]","[""Orange Terracotta""]","{""has_alternatives"": true, ""category"": ""building_blocks""}"
crafting,"[""Yellow Dye"", ""Terracotta""]","[""Yellow Terracotta""]","{""has_alternatives"": true, ""category"": ""building_blocks""}"
crafting,"[""Terracotta"", ""Lime Dye""]","[""Lime Terracotta""]","{""has_alternatives"": true, ""category"": ""building_blocks""}"
crafting,"[""Green Dye"", ""Terracotta""]","[""Green Terracotta""]","{""has_alternatives"": true, ""category"": ""building_blocks""}"
crafting,"[""Terracotta"", ""Cyan Dye""]","[""Cyan Terracotta""]","{""has_alternatives"": true, ""category"": ""building_blocks""}"
crafting,"[""Terracotta"", ""Light Blue Dye""]","[""Light Blue Terracotta""]","{""has_alternatives"": true, ""category"": ""building_blocks""}"
crafting,"[""Terracotta"", ""Blue Dye""]","[""Blue Terracotta""]","{""has_alternatives"": true, ""category"": ""building_blocks""}"
crafting,"[""Terracotta"", ""Purple Dye""]","[""Purple Terracotta""]","{""has_alternatives"": true, ""category"": ""building_blocks""}"
crafting,"[""Terracotta"", ""Magenta Dye""]","[""Magenta Terracotta""]","{""has_alternatives"": true, ""category"": ""building_blocks""}"
crafting,"[""Terracotta"", ""Pink Dye""]","[""Pink Terracotta""]","{""has_alternatives"": true, ""category"": ""building_blocks""}"
crafting,"[""Ice""]","[""Packed Ice""]","{""category"": ""building_blocks""}"
crafting,"[""Glass"", ""White Dye""]","[""White Stained Glass""]","{""has_alternatives"": true, ""category"": ""building_blocks""}"
crafting,"[""Glass"", ""Light Gray Dye""]","[""Light Gray Stained Glass""]","{""has_alternatives"": true, ""category"": ""building_blocks""}"
crafting,"[""Glass"", ""Gray Dye""]","[""Gray Stained Glass""]","{""has_alternatives"": true, ""category"": ""building_blocks""}"
crafting,"[""Glass"", ""Black Dye""]","[""Black Stained Glass""]","{""has_alternatives"": true, ""category"": ""building_blocks""}"
crafting,"[""Glass"", ""Brown Dye""]","[""Brown Stained Glass""]","{""has_alternatives"": true, ""category"": ""building_blocks""}"
crafting,"[""Red Dye"", ""Glass""]","[""Red Stained Glass""]","{""has_alternatives"": true, ""category"": ""building_blocks""}"
crafting,"[""Orange Dye"", ""Glass""]","[""Orange Stained Glass""]","{""has_alternatives"": true, ""category"": ""building_blocks""}"
crafting,"[""Yellow Dye"", ""Glass""]","[""Yellow Stained Glass""]","{""has_alternatives"": true, ""category"": ""building_blocks""}"
crafting,"[""Glass"", ""Lime Dye""]","[""Lime Stained Glass""]","{""has_alternatives"": true, ""category"": ""building_blocks""}"
crafting,"[""Glass"", ""Green Dye""]","[""Green Stained Glass""]","{""has_alternatives"": true, ""category"": ""building_blocks""}"
crafting,"[""Glass"", ""Cyan Dye""]","[""Cyan Stained Glass""]","{""has_alternatives"": true, ""category"": ""building_blocks""}"
crafting,"[""Glass"", ""Light Blue Dye""]","[""Light Blue Stained Glass""]","{""has_alternatives"": true, ""category"": ""building_blocks""}"
crafting,"[""Glass"", ""Blue Dye""]","[""Blue Stained Glass""]","{""has_alternatives"": true, ""category"": ""building_blocks""}"
crafting,"[""Glass"", ""Purple Dye""]","[""Purple Stained Glass""]","{""has_alternatives"": true, ""category"": ""building_blocks""}"
crafting,"[""Glass"", ""Magenta Dye""]","[""Magenta Stained Glass""]","{""has_alternatives"": true, ""category"": ""building_blocks""}"
crafting,"[""Glass"", ""Pink Dye""]","[""Pink Stained Glass""]","{""has_alternatives"": true, ""category"": ""building_blocks""}"
crafting,"[""Nether Quartz"", ""Diorite""]","[""Granite""]","{""category"": ""building_blocks""}"
crafting,"[""Nether Quartz"", ""Cobblestone""]","[""Diorite""]","{""category"": ""building_blocks""}"
crafting,"[""Cobblestone"", ""Diorite""]","[""Andesite""]","{""category"": ""building_blocks""}"
crafting,"[""Diorite""]","[""Polished Diorite""]","{""category"": ""building_blocks""}"
crafting,"[""Granite""]","[""Polished Granite""]","{""category"": ""building_blocks""}"
crafting,"[""Andesite""]","[""Polished Andesite""]","{""category"": ""building_blocks""}"
crafting,"[""Stone Brick Slab""]","[""Chiseled Stone Bricks""]","{""category"": ""building_blocks""}"
crafting,"[""Stone Bricks"", ""Vines""]","[""Mossy Stone Bricks""]","{""category"": ""building_blocks""}"
crafting,"[""Moss Block"", ""Stone Bricks""]","[""Mossy Stone Bricks""]","{""category"": ""building_blocks""}"
crafting,"[""Prismarine Shard""]","[""Prismarine""]","{""category"": ""building_blocks""}"
crafting,"[""Prismarine Shard"", ""Prismarine Crystals""]","[""Sea Lantern""]","{""category"": ""building_blocks""}"
crafting,"[""Dirt"", ""Gravel""]","[""Coarse Dirt""]","{""category"": ""building_blocks""}"
crafting,"[""Prismarine Shard""]","[""Prismarine Bricks""]","{""category"": ""building_blocks""}"
crafting,"[""Prismarine Shard"", ""Black Dye""]","[""Dark Prismarine""]","{""category"": ""building_blocks""}"
crafting,"[""Red Sand""]","[""Red Sandstone""]","{""category"": ""building_blocks""}"
crafting,"[""Red Sandstone Slab""]","[""Chiseled Red Sandstone""]","{""category"": ""building_blocks""}"
crafting,"[""Red Sandstone""]","[""Red Sandstone Slab""]","{""has_alternatives"": true, ""category"": ""building_blocks""}"
crafting,"[""Chiseled Red Sandstone""]","[""Red Sandstone Slab""]","{""has_alternatives"": true, ""category"": ""building_blocks""}"
crafting,"[""Red Sandstone""]","[""Red Sandstone Stairs""]","{""has_alternatives"": true, ""category"": ""building_blocks""}"
crafting,"[""Cut Red Sandstone""]","[""Red Sandstone Stairs""]","{""has_alternatives"": true, ""category"": ""building_blocks""}"
crafting,"[""Chiseled Red Sandstone""]","[""Red Sandstone Stairs""]","{""has_alternatives"": true, ""category"": ""building_blocks""}"
crafting,"[""End Stone""]","[""End Stone Bricks""]","{""category"": ""building_blocks""}"
crafting,"[""Popped Chorus Fruit""]","[""Purpur Block""]","{""category"": ""building_blocks""}"
crafting,"[""Purpur Slab""]","[""Purpur Pillar""]","{""category"": ""building_blocks""}"
crafting,"[""Purpur Block""]","[""Purpur Stairs""]","{""has_alternatives"": true, ""category"": ""building_blocks""}"
crafting,"[""Purpur Pillar""]","[""Purpur Stairs""]","{""has_alternatives"": true, ""category"": ""building_blocks""}"
crafting,"[""Purpur Block""]","[""Purpur Slab""]","{""has_alternatives"": true, ""category"": ""building_blocks""}"
crafting,"[""Purpur Pillar""]","[""Purpur Slab""]","{""has_alternatives"": true, ""category"": ""building_blocks""}"
crafting,"[""Magma Cream""]","[""Magma Block""]","{""category"": ""building_blocks""}"
crafting,"[""Bone Meal""]","[""Bone Block""]","{""category"": ""building_blocks""}"
crafting,"[""Nether Wart""]","[""Nether Wart Block""]","{""category"": ""building_blocks""}"
crafting,"[""Sand"", ""Gravel"", ""White Dye""]","[""White Concrete Powder""]","{""has_alternatives"": true, ""category"": ""building_blocks""}"
crafting,"[""Light Gray Dye"", ""Sand"", ""Gravel""]","[""Light Gray Concrete Powder""]","{""has_alternatives"": true, ""category"": ""building_blocks""}"
crafting,"[""Sand"", ""Gravel"", ""Gray Dye""]","[""Gray Concrete Powder""]","{""has_alternatives"": true, ""category"": ""building_blocks""}"
crafting,"[""Black Dye"", ""Sand"", ""Gravel""]","[""Black Concrete Powder""]","{""has_alternatives"": true, ""category"": ""building_blocks""}"
crafting,"[""Sand"", ""Gravel"", ""Brown Dye""]","[""Brown Concrete Powder""]","{""has_alternatives"": true, ""category"": ""building_blocks""}"
crafting,"[""Red Dye"", ""Sand"", ""Gravel""]","[""Red Concrete Powder""]","{""has_alternatives"": true, ""category"": ""building_blocks""}"
crafting,"[""Orange Dye"", ""Sand"", ""Gravel""]","[""Orange Concrete Powder""]","{""has_alternatives"": true, ""category"": ""building_blocks""}"
crafting,"[""Yellow Dye"", ""Sand"", ""Gravel""]","[""Yellow Concrete Powder""]","{""has_alternatives"": true, ""category"": ""building_blocks""}"
crafting,"[""Sand"", ""Gravel"", ""Lime Dye""]","[""Lime Concrete Powder""]","{""has_alternatives"": true, ""category"": ""building_blocks""}"
crafting,"[""Green Dye"", ""Sand"", ""Gravel""]","[""Green Concrete Powder""]","{""has_alternatives"": true, ""category"": ""building_blocks""}"
crafting,"[""Cyan Dye"", ""Sand"", ""Gravel""]","[""Cyan Concrete Powder""]","{""has_alternatives"": true, ""category"": ""building_blocks""}"
crafting,"[""Sand"", ""Gravel"", ""Light Blue Dye""]","[""Light Blue Concrete Powder""]","{""has_alternatives"": true, ""category"": ""building_blocks""}"
crafting,"[""Blue Dye"", ""Sand"", ""Gravel""]","[""Blue Concrete Powder""]","{""has_alternatives"": true, ""category"": ""building_blocks""}"
crafting,"[""Purple Dye"", ""Sand"", ""Gravel""]","[""Purple Concrete Powder""]","{""has_alternatives"": true, ""category"": ""building_blocks""}"
crafting,"[""Magenta Dye"", ""Sand"", ""Gravel""]","[""Magenta Concrete Powder""]","{""has_alternatives"": true, ""category"": ""building_blocks""}"
crafting,"[""Sand"", ""Pink Dye"", ""Gravel""]","[""Pink Concrete Powder""]","{""has_alternatives"": true, ""category"": ""building_blocks""}"
crafting,"[""Oak Log""]","[""Oak Wood""]","{""has_alternatives"": true, ""category"": ""building_blocks""}"
crafting,"[""Spruce Log""]","[""Spruce Wood""]","{""has_alternatives"": true, ""category"": ""building_blocks""}"
crafting,"[""Birch Log""]","[""Birch Wood""]","{""has_alternatives"": true, ""category"": ""building_blocks""}"
crafting,"[""Jungle Log""]","[""Jungle Wood""]","{""has_alternatives"": true, ""category"": ""building_blocks""}"
crafting,"[""Acacia Log""]","[""Acacia Wood""]","{""has_alternatives"": true, ""category"": ""building_blocks""}"
crafting,"[""Dark Oak Log""]","[""Dark Oak Wood""]","{""has_alternatives"": true, ""category"": ""building_blocks""}"
crafting,"[""Mangrove Log""]","[""Mangrove Wood""]","{""has_alternatives"": true, ""category"": ""building_blocks""}"
crafting,"[""Cherry Log""]","[""Cherry Wood""]","{""has_alternatives"": true, ""category"": ""building_blocks""}"
crafting,"[""Pale Oak Log""]","[""Pale Oak Wood""]","{""has_alternatives"": true, ""category"": ""building_blocks""}"
crafting,"[""Crimson Stem""]","[""Crimson Hyphae""]","{""has_alternatives"": true, ""category"": ""building_blocks""}"
crafting,"[""Warped Stem""]","[""Warped Hyphae""]","{""has_alternatives"": true, ""category"": ""building_blocks""}"
crafting,"[""Sandstone""]","[""Cut Sandstone""]","{""category"": ""building_blocks""}"
crafting,"[""Red Sandstone""]","[""Cut Red Sandstone""]","{""category"": ""building_blocks""}"
crafting,"[""Nether Wart"", ""Nether Brick""]","[""Red Nether Bricks""]","{""category"": ""building_blocks""}"
crafting,"[""Dried Kelp""]","[""Dried Kelp Block""]","{""category"": ""building_blocks""}"
crafting,"[""Prismarine""]","[""Prismarine Stairs""]","{""category"": ""building_blocks""}"
crafting,"[""Prismarine Bricks""]","[""Prismarine Brick Stairs""]","{""category"": ""building_blocks""}"
crafting,"[""Dark Prismarine""]","[""Dark Prismarine Stairs""]","{""category"": ""building_blocks""}"
crafting,"[""Prismarine""]","[""Prismarine Slab""]","{""category"": ""building_blocks""}"
crafting,"[""Prismarine Bricks""]","[""Prismarine Brick Slab""]","{""category"": ""building_blocks""}"
crafting,"[""Dark Prismarine""]","[""Dark Prismarine Slab""]","{""category"": ""building_blocks""}"
crafting,"[""Packed Ice""]","[""Blue Ice""]","{""category"": ""building_blocks""}"
crafting,"[""Stripped Oak Log""]","[""Stripped Oak Wood""]","{""has_alternatives"": true, ""category"": ""building_blocks""}"
crafting,"[""Stripped Spruce Log""]","[""Stripped Spruce Wood""]","{""has_alternatives"": true, ""category"": ""building_blocks""}"
crafting,"[""Stripped Birch Log""]","[""Stripped Birch Wood""]","{""has_alternatives"": true, ""category"": ""building_blocks""}"
crafting,"[""Stripped Jungle Log""]","[""Stripped Jungle Wood""]","{""has_alternatives"": true, ""category"": ""building_blocks""}"
crafting,"[""Stripped Acacia Log""]","[""Stripped Acacia Wood""]","{""has_alternatives"": true, ""category"": ""building_blocks""}"
crafting,"[""Stripped Dark Oak Log""]","[""Stripped Dark Oak Wood""]","{""has_alternatives"": true, ""category"": ""building_blocks""}"
crafting,"[""Stripped Mangrove Log""]","[""Stripped Mangrove Wood""]","{""has_alternatives"": true, ""category"": ""building_blocks""}"
crafting,"[""Stripped Cherry Log""]","[""Stripped Cherry Wood""]","{""has_alternatives"": true, ""category"": ""building_blocks""}"
crafting,"[""Stripped Pale Oak Log""]","[""Stripped Pale Oak Wood""]","{""has_alternatives"": true, ""category"": ""building_blocks""}"
crafting,"[""Stripped Crimson Stem""]","[""Stripped Crimson Hyphae""]","{""has_alternatives"": true, ""category"": ""building_blocks""}"
crafting,"[""Stripped Warped Stem""]","[""Stripped Warped Hyphae""]","{""has_alternatives"": true, ""category"": ""building_blocks""}"
crafting,"[""String"", ""Bamboo""]","[""Scaffolding""]","{""category"": ""building_blocks""}"
crafting,"[""Andesite""]","[""Andesite Stairs""]","{""category"": ""building_blocks""}"
crafting,"[""Polished Andesite""]","[""Polished Andesite Stairs""]","{""category"": ""building_blocks""}"
crafting,"[""Diorite""]","[""Diorite Stairs""]","{""category"": ""building_blocks""}"
crafting,"[""Polished Diorite""]","[""Polished Diorite Stairs""]","{""category"": ""building_blocks""}"
crafting,"[""Granite""]","[""Granite Stairs""]","{""category"": ""building_blocks""}"
crafting,"[""Polished Granite""]","[""Polished Granite Stairs""]","{""category"": ""building_blocks""}"
crafting,"[""Smooth Sandstone""]","[""Smooth Sandstone Stairs""]","{""category"": ""building_blocks""}"
crafting,"[""Smooth Red Sandstone""]","[""Smooth Red Sandstone Stairs""]","{""category"": ""building_blocks""}"
crafting,"[""Smooth Quartz Block""]","[""Smooth Quartz Stairs""]","{""category"": ""building_blocks""}"
crafting,"[""Red Nether Bricks""]","[""Red Nether Brick Stairs""]","{""category"": ""building_blocks""}"
crafting,"[""Mossy Stone Bricks""]","[""Mossy Stone Brick Stairs""]","{""category"": ""building_blocks""}"
crafting,"[""Mossy Cobblestone""]","[""Mossy Cobblestone Stairs""]","{""category"": ""building_blocks""}"
crafting,"[""End Stone Bricks""]","[""End Stone Brick Stairs""]","{""category"": ""building_blocks""}"
crafting,"[""Smooth Stone""]","[""Smooth Stone Slab""]","{""category"": ""building_blocks""}"
crafting,"[""Andesite""]","[""Andesite Slab""]","{""category"": ""building_blocks""}"
crafting,"[""Polished Andesite""]","[""Polished Andesite Slab""]","{""category"": ""building_blocks""}"
crafting,"[""Polished Diorite""]","[""Polished Diorite Slab""]","{""category"": ""building_blocks""}"
crafting,"[""Diorite""]","[""Diorite Slab""]","{""category"": ""building_blocks""}"
crafting,"[""End Stone Bricks""]","[""End Stone Brick Slab""]","{""category"": ""building_blocks""}"
crafting,"[""Granite""]","[""Granite Slab""]","{""category"": ""building_blocks""}"
crafting,"[""Polished Granite""]","[""Polished Granite Slab""]","{""category"": ""building_blocks""}"
crafting,"[""Mossy Stone Bricks""]","[""Mossy Stone Brick Slab""]","{""category"": ""building_blocks""}"
crafting,"[""Red Nether Bricks""]","[""Red Nether Brick Slab""]","{""category"": ""building_blocks""}"
crafting,"[""Smooth Quartz Block""]","[""Smooth Quartz Slab""]","{""category"": ""building_blocks""}"
crafting,"[""Smooth Red Sandstone""]","[""Smooth Red Sandstone Slab""]","{""category"": ""building_blocks""}"
crafting,"[""Smooth Sandstone""]","[""Smooth Sandstone Slab""]","{""category"": ""building_blocks""}"
crafting,"[""Mossy Cobblestone""]","[""Mossy Cobblestone Slab""]","{""category"": ""building_blocks""}"
crafting,"[""Cut Red Sandstone""]","[""Cut Red Sandstone Slab""]","{""category"": ""building_blocks""}"
crafting,"[""Cut Sandstone""]","[""Cut Sandstone Slab""]","{""category"": ""building_blocks""}"
crafting,"[""Netherite Ingot""]","[""Block of Netherite""]","{""category"": ""building_blocks""}"
crafting,"[""Basalt""]","[""Polished Basalt""]","{""category"": ""building_blocks""}"
crafting,"[""Blackstone""]","[""Polished Blackstone""]","{""category"": ""building_blocks""}"
crafting,"[""Polished Blackstone""]","[""Polished Blackstone Slab""]","{""category"": ""building_blocks""}"
crafting,"[""Polished Blackstone""]","[""Polished Blackstone Stairs""]","{""category"": ""building_blocks""}"
crafting,"[""Polished Blackstone""]","[""Polished Blackstone Bricks""]","{""category"": ""building_blocks""}"
crafting,"[""Blackstone""]","[""Blackstone Stairs""]","{""category"": ""building_blocks""}"
crafting,"[""Polished Blackstone Bricks""]","[""Polished Blackstone Brick Slab""]","{""category"": ""building_blocks""}"
crafting,"[""Polished Blackstone Bricks""]","[""Polished Blackstone Brick Stairs""]","{""category"": ""building_blocks""}"
crafting,"[""Blackstone""]","[""Blackstone Slab""]","{""category"": ""building_blocks""}"
crafting,"[""Nether Brick Slab""]","[""Chiseled Nether Bricks""]","{""category"": ""building_blocks""}"
crafting,"[""Polished Blackstone Slab""]","[""Chiseled Polished Blackstone""]","{""category"": ""building_blocks""}"
crafting,"[""Copper Ingot""]","[""Block of Copper""]","{""category"": ""building_blocks""}"
crafting,"[""Honeycomb"", ""Block of Copper""]","[""Waxed Block of Copper""]","{""has_alternatives"": true, ""category"": ""building_blocks""}"
crafting,"[""Honeycomb"", ""Exposed Copper""]","[""Waxed Exposed Copper""]","{""has_alternatives"": true, ""category"": ""building_blocks""}"
crafting,"[""Honeycomb"", ""Weathered Copper""]","[""Waxed Weathered Copper""]","{""has_alternatives"": true, ""category"": ""building_blocks""}"
crafting,"[""Honeycomb"", ""Oxidized Copper""]","[""Waxed Oxidized Copper""]","{""has_alternatives"": true, ""category"": ""building_blocks""}"
crafting,"[""Amethyst Shard""]","[""Block of Amethyst""]","{""category"": ""building_blocks""}"
crafting,"[""Block of Copper""]","[""Cut Copper""]","{""has_alternatives"": true, ""category"": ""building_blocks""}"
crafting,"[""Exposed Copper""]","[""Exposed Cut Copper""]","{""has_alternatives"": true, ""category"": ""building_blocks""}"
crafting,"[""Weathered Copper""]","[""Weathered Cut Copper""]","{""has_alternatives"": true, ""category"": ""building_blocks""}"
crafting,"[""Oxidized Copper""]","[""Oxidized Cut Copper""]","{""has_alternatives"": true, ""category"": ""building_blocks""}"
crafting,"[""Waxed Block of Copper""]","[""Waxed Cut Copper""]","{""has_alternatives"": true, ""category"": ""building_blocks""}"
crafting,"[""Waxed Exposed Copper""]","[""Waxed Exposed Cut Copper""]","{""has_alternatives"": true, ""category"": ""building_blocks""}"
crafting,"[""Waxed Weathered Copper""]","[""Waxed Weathered Cut Copper""]","{""has_alternatives"": true, ""category"": ""building_blocks""}"
crafting,"[""Waxed Oxidized Copper""]","[""Waxed Oxidized Cut Copper""]","{""has_alternatives"": true, ""category"": ""building_blocks""}"
crafting,"[""Honeycomb"", ""Cut Copper""]","[""Waxed Cut Copper""]","{""has_alternatives"": true, ""category"": ""building_blocks""}"
crafting,"[""Honeycomb"", ""Exposed Cut Copper""]","[""Waxed Exposed Cut Copper""]","{""has_alternatives"": true, ""category"": ""building_blocks""}"
crafting,"[""Honeycomb"", ""Weathered Cut Copper""]","[""Waxed Weathered Cut Copper""]","{""has_alternatives"": true, ""category"": ""building_blocks""}"
crafting,"[""Honeycomb"", ""Oxidized Cut Copper""]","[""Waxed Oxidized Cut Copper""]","{""has_alternatives"": true, ""category"": ""building_blocks""}"
crafting,"[""Glass"", ""Amethyst Shard""]","[""Tinted Glass""]","{""category"": ""building_blocks""}"
crafting,"[""Cut Copper""]","[""Cut Copper Slab""]","{""has_alternatives"": true, ""category"": ""building_blocks""}"
crafting,"[""Exposed Cut Copper""]","[""Exposed Cut Copper Slab""]","{""has_alternatives"": true, ""category"": ""building_blocks""}"
crafting,"[""Weathered Cut Copper""]","[""Weathered Cut Copper Slab""]","{""has_alternatives"": true, ""category"": ""building_blocks""}"
crafting,"[""Oxidized Cut Copper""]","[""Oxidized Cut Copper Slab""]","{""has_alternatives"": true, ""category"": ""building_blocks""}"
crafting,"[""Waxed Cut Copper""]","[""Waxed Cut Copper Slab""]","{""has_alternatives"": true, ""category"": ""building_blocks""}"
crafting,"[""Waxed Exposed Cut Copper""]","[""Waxed Exposed Cut Copper Slab""]","{""has_alternatives"": true, ""category"": ""building_blocks""}"
crafting,"[""Waxed Weathered Cut Copper""]","[""Waxed Weathered Cut Copper Slab""]","{""has_alternatives"": true, ""category"": ""building_blocks""}"
crafting,"[""Waxed Oxidized Cut Copper""]","[""Waxed Oxidized Cut Copper Slab""]","{""has_alternatives"": true, ""category"": ""building_blocks""}"
crafting,"[""Honeycomb"", ""Cut Copper Slab""]","[""Waxed Cut Copper Slab""]","{""has_alternatives"": true, ""category"": ""building_blocks""}"
crafting,"[""Honeycomb"", ""Exposed Cut Copper Slab""]","[""Waxed Exposed Cut Copper Slab""]","{""has_alternatives"": true, ""category"": ""building_blocks""}"
crafting,"[""Honeycomb"", ""Weathered Cut Copper Slab""]","[""Waxed Weathered Cut Copper Slab""]","{""has_alternatives"": true, ""category"": ""building_blocks""}"
crafting,"[""Honeycomb"", ""Oxidized Cut Copper Slab""]","[""Waxed Oxidized Cut Copper Slab""]","{""has_alternatives"": true, ""category"": ""building_blocks""}"
crafting,"[""Cut Copper""]","[""Cut Copper Stairs""]","{""has_alternatives"": true, ""category"": ""building_blocks""}"
crafting,"[""Exposed Cut Copper""]","[""Exposed Cut Copper Stairs""]","{""has_alternatives"": true, ""category"": ""building_blocks""}"
crafting,"[""Weathered Cut Copper""]","[""Weathered Cut Copper Stairs""]","{""has_alternatives"": true, ""category"": ""building_blocks""}"
crafting,"[""Oxidized Cut Copper""]","[""Oxidized Cut Copper Stairs""]","{""has_alternatives"": true, ""category"": ""building_blocks""}"
crafting,"[""Waxed Cut Copper""]","[""Waxed Cut Copper Stairs""]","{""has_alternatives"": true, ""category"": ""building_blocks""}"
crafting,"[""Waxed Exposed Cut Copper""]","[""Waxed Exposed Cut Copper Stairs""]","{""has_alternatives"": true, ""category"": ""building_blocks""}"
crafting,"[""Waxed Weathered Cut Copper""]","[""Waxed Weathered Cut Copper Stairs""]","{""has_alternatives"": true, ""category"": ""building_blocks""}"
crafting,"[""Waxed Oxidized Cut Copper""]","[""Waxed Oxidized Cut Copper Stairs""]","{""has_alternatives"": true, ""category"": ""building_blocks""}"
crafting,"[""Honeycomb"", ""Cut Copper Stairs""]","[""Waxed Cut Copper Stairs""]","{""has_alternatives"": true, ""category"": ""building_blocks""}"
crafting,"[""Honeycomb"", ""Exposed Cut Copper Stairs""]","[""Waxed Exposed Cut Copper Stairs""]","{""has_alternatives"": true, ""category"": ""building_blocks""}"
crafting,"[""Honeycomb"", ""Weathered Cut Copper Stairs""]","[""Waxed Weathered Cut Copper Stairs""]","{""has_alternatives"": true, ""category"": ""building_blocks""}"
crafting,"[""Oxidized Cut Copper Stairs"", ""Honeycomb""]","[""Waxed Oxidized Cut Copper Stairs""]","{""has_alternatives"": true, ""category"": ""building_blocks""}"
crafting,"[""Pointed Dripstone""]","[""Dripstone Block""]","{""category"": ""building_blocks""}"
crafting,"[""Cobbled Deepslate""]","[""Polished Deepslate""]","{""category"": ""building_blocks""}"
crafting,"[""Polished Deepslate""]","[""Deepslate Bricks""]","{""category"": ""building_blocks""}"
crafting,"[""Deepslate Bricks""]","[""Deepslate Tiles""]","{""category"": ""building_blocks""}"
crafting,"[""Cobbled Deepslate Slab""]","[""Chiseled Deepslate""]","{""category"": ""building_blocks""}"
crafting,"[""Polished Deepslate""]","[""Polished Deepslate Slab""]","{""category"": ""building_blocks""}"
crafting,"[""Polished Deepslate""]","[""Polished Deepslate Stairs""]","{""category"": ""building_blocks""}"
crafting,"[""Deepslate Tiles""]","[""Deepslate Tile Slab""]","{""category"": ""building_blocks""}"
crafting,"[""Deepslate Tiles""]","[""Deepslate Tile Stairs""]","{""category"": ""building_blocks""}"
crafting,"[""Deepslate Bricks""]","[""Deepslate Brick Slab""]","{""category"": ""building_blocks""}"
crafting,"[""Deepslate Bricks""]","[""Deepslate Brick Stairs""]","{""category"": ""building_blocks""}"
crafting,"[""Cobbled Deepslate""]","[""Cobbled Deepslate Slab""]","{""category"": ""building_blocks""}"
crafting,"[""Cobbled Deepslate""]","[""Cobbled Deepslate Stairs""]","{""category"": ""building_blocks""}"
crafting,"[""Raw Gold""]","[""Block of Raw Gold""]","{""category"": ""building_blocks""}"
crafting,"[""Raw Copper""]","[""Block of Raw Copper""]","{""category"": ""building_blocks""}"
crafting,"[""Raw Iron""]","[""Block of Raw Iron""]","{""category"": ""building_blocks""}"
crafting,"[""Packed Mud""]","[""Mud Bricks""]","{""category"": ""building_blocks""}"
crafting,"[""Mud Bricks""]","[""Mud Brick Slab""]","{""category"": ""building_blocks""}"
crafting,"[""Mud Bricks""]","[""Mud Brick Stairs""]","{""category"": ""building_blocks""}"
crafting,"[""Oak Slab"", ""Oak Planks""]","[""Chiseled Bookshelf""]","{""has_alternatives"": true, ""category"": ""building_blocks""}"
crafting,"[""Spruce Planks"", ""Spruce Slab""]","[""Chiseled Bookshelf""]","{""has_alternatives"": true, ""category"": ""building_blocks""}"
crafting,"[""Birch Slab"", ""Birch Planks""]","[""Chiseled Bookshelf""]","{""has_alternatives"": true, ""category"": ""building_blocks""}"
crafting,"[""Jungle Slab"", ""Jungle Planks""]","[""Chiseled Bookshelf""]","{""has_alternatives"": true, ""category"": ""building_blocks""}"
crafting,"[""Acacia Slab"", ""Acacia Planks""]","[""Chiseled Bookshelf""]","{""has_alternatives"": true, ""category"": ""building_blocks""}"
crafting,"[""Dark Oak Slab"", ""Dark Oak Planks""]","[""Chiseled Bookshelf""]","{""has_alternatives"": true, ""category"": ""building_blocks""}"
crafting,"[""Mangrove Slab"", ""Mangrove Planks""]","[""Chiseled Bookshelf""]","{""has_alternatives"": true, ""category"": ""building_blocks""}"
crafting,"[""Cherry Planks"", ""Cherry Slab""]","[""Chiseled Bookshelf""]","{""has_alternatives"": true, ""category"": ""building_blocks""}"
crafting,"[""Pale Oak Slab"", ""Pale Oak Planks""]","[""Chiseled Bookshelf""]","{""has_alternatives"": true, ""category"": ""building_blocks""}"
crafting,"[""Bamboo Planks"", ""Bamboo Slab""]","[""Chiseled Bookshelf""]","{""has_alternatives"": true, ""category"": ""building_blocks""}"
crafting,"[""Crimson Planks"", ""Crimson Slab""]","[""Chiseled Bookshelf""]","{""has_alternatives"": true, ""category"": ""building_blocks""}"
crafting,"[""Warped Slab"", ""Warped Planks""]","[""Chiseled Bookshelf""]","{""has_alternatives"": true, ""category"": ""building_blocks""}"
crafting,"[""Bamboo Slab""]","[""Bamboo Mosaic""]","{""category"": ""building_blocks""}"
crafting,"[""Bamboo Mosaic""]","[""Bamboo Mosaic Stairs""]","{""category"": ""building_blocks""}"
crafting,"[""Bamboo Mosaic""]","[""Bamboo Mosaic Slab""]","{""category"": ""building_blocks""}"
crafting,"[""Bamboo""]","[""Block of Bamboo""]","{""category"": ""building_blocks""}"
crafting,"[""Block of Copper""]","[""Copper Grate""]","{""has_alternatives"": true, ""category"": ""building_blocks""}"
crafting,"[""Exposed Copper""]","[""Exposed Copper Grate""]","{""has_alternatives"": true, ""category"": ""building_blocks""}"
crafting,"[""Weathered Copper""]","[""Weathered Copper Grate""]","{""has_alternatives"": true, ""category"": ""building_blocks""}"
crafting,"[""Oxidized Copper""]","[""Oxidized Copper Grate""]","{""has_alternatives"": true, ""category"": ""building_blocks""}"
crafting,"[""Waxed Block of Copper""]","[""Waxed Copper Grate""]","{""has_alternatives"": true, ""category"": ""building_blocks""}"
crafting,"[""Waxed Exposed Copper""]","[""Waxed Exposed Copper Grate""]","{""has_alternatives"": true, ""category"": ""building_blocks""}"
crafting,"[""Waxed Weathered Copper""]","[""Waxed Weathered Copper Grate""]","{""has_alternatives"": true, ""category"": ""building_blocks""}"
crafting,"[""Waxed Oxidized Copper""]","[""Waxed Oxidized Copper Grate""]","{""has_alternatives"": true, ""category"": ""building_blocks""}"
crafting,"[""Honeycomb"", ""Copper Grate""]","[""Waxed Copper Grate""]","{""has_alternatives"": true, ""category"": ""building_blocks""}"
crafting,"[""Honeycomb"", ""Exposed Copper Grate""]","[""Waxed Exposed Copper Grate""]","{""has_alternatives"": true, ""category"": ""building_blocks""}"
crafting,"[""Honeycomb"", ""Weathered Copper Grate""]","[""Waxed Weathered Copper Grate""]","{""has_alternatives"": true, ""category"": ""building_blocks""}"
crafting,"[""Oxidized Copper Grate"", ""Honeycomb""]","[""Waxed Oxidized Copper Grate""]","{""has_alternatives"": true, ""category"": ""building_blocks""}"
crafting,"[""Polished Tuff""]","[""Tuff Bricks""]","{""category"": ""building_blocks""}"
crafting,"[""Tuff""]","[""Polished Tuff""]","{""category"": ""building_blocks""}"
crafting,"[""Tuff Bricks""]","[""Tuff Brick Stairs""]","{""category"": ""building_blocks""}"
crafting,"[""Polished Tuff""]","[""Polished Tuff Stairs""]","{""category"": ""building_blocks""}"
crafting,"[""Tuff Brick Slab""]","[""Chiseled Tuff Bricks""]","{""category"": ""building_blocks""}"
crafting,"[""Cut Copper Slab""]","[""Chiseled Copper""]","{""has_alternatives"": true, ""category"": ""building_blocks""}"
crafting,"[""Exposed Cut Copper Slab""]","[""Exposed Chiseled Copper""]","{""has_alternatives"": true, ""category"": ""building_blocks""}"
crafting,"[""Weathered Cut Copper Slab""]","[""Weathered Chiseled Copper""]","{""has_alternatives"": true, ""category"": ""building_blocks""}"
crafting,"[""Oxidized Cut Copper Slab""]","[""Oxidized Chiseled Copper""]","{""has_alternatives"": true, ""category"": ""building_blocks""}"
crafting,"[""Waxed Cut Copper Slab""]","[""Waxed Chiseled Copper""]","{""has_alternatives"": true, ""category"": ""building_blocks""}"
crafting,"[""Waxed Exposed Cut Copper Slab""]","[""Waxed Exposed Chiseled Copper""]","{""has_alternatives"": true, ""category"": ""building_blocks""}"
crafting,"[""Waxed Weathered Cut Copper Slab""]","[""Waxed Weathered Chiseled Copper""]","{""has_alternatives"": true, ""category"": ""building_blocks""}"
crafting,"[""Waxed Oxidized Cut Copper Slab""]","[""Waxed Oxidized Chiseled Copper""]","{""has_alternatives"": true, ""category"": ""building_blocks""}"
crafting,"[""Honeycomb"", ""Chiseled Copper""]","[""Waxed Chiseled Copper""]","{""has_alternatives"": true, ""category"": ""building_blocks""}"
crafting,"[""Honeycomb"", ""Exposed Chiseled Copper""]","[""Waxed Exposed Chiseled Copper""]","{""has_alternatives"": true, ""category"": ""building_blocks""}"
crafting,"[""Weathered Chiseled Copper"", ""Honeycomb""]","[""Waxed Weathered Chiseled Copper""]","{""has_alternatives"": true, ""category"": ""building_blocks""}"
crafting,"[""Honeycomb"", ""Oxidized Chiseled Copper""]","[""Waxed Oxidized Chiseled Copper""]","{""has_alternatives"": true, ""category"": ""building_blocks""}"
crafting,"[""Tuff""]","[""Tuff Stairs""]","{""category"": ""building_blocks""}"
crafting,"[""Tuff Bricks""]","[""Tuff Brick Slab""]","{""category"": ""building_blocks""}"
crafting,"[""Tuff Slab""]","[""Chiseled Tuff""]","{""category"": ""building_blocks""}"
crafting,"[""Polished Tuff""]","[""Polished Tuff Slab""]","{""category"": ""building_blocks""}"
crafting,"[""Tuff""]","[""Tuff Slab""]","{""category"": ""building_blocks""}"
crafting,"[""Resin Clump""]","[""Block of Resin""]","{""category"": ""building_blocks""}"
crafting,"[""Resin Brick""]","[""Resin Bricks""]","{""category"": ""building_blocks""}"
crafting,"[""Resin Brick Slab""]","[""Chiseled Resin Bricks""]","{""category"": ""building_blocks""}"
crafting,"[""Resin Bricks""]","[""Resin Brick Slab""]","{""category"": ""building_blocks""}"
crafting,"[""Resin Bricks""]","[""Resin Brick Stairs""]","{""category"": ""building_blocks""}"
crafting,"[""Stick"", ""Coal""]","[""Torch""]","{""has_alternatives"": true, ""category"": ""decoration_blocks""}"
crafting,"[""Charcoal"", ""Stick""]","[""Torch""]","{""has_alternatives"": true, ""category"": ""decoration_blocks""}"
crafting,"[""Oak Planks""]","[""Chest""]","{""has_alternatives"": true, ""category"": ""decoration_blocks""}"
crafting,"[""Spruce Planks""]","[""Chest""]","{""has_alternatives"": true, ""category"": ""decoration_blocks""}"
crafting,"[""Birch Planks""]","[""Chest""]","{""has_alternatives"": true, ""category"": ""decoration_blocks""}"
crafting,"[""Jungle Planks""]","[""Chest""]","{""has_alternatives"": true, ""category"": ""decoration_blocks""}"
crafting,"[""Acacia Planks""]","[""Chest""]","{""has_alternatives"": true, ""category"": ""decoration_blocks""}"
crafting,"[""Dark Oak Planks""]","[""Chest""]","{""has_alternatives"": true, ""category"": ""decoration_blocks""}"
crafting,"[""Mangrove Planks""]","[""Chest""]","{""has_alternatives"": true, ""category"": ""decoration_blocks""}"
crafting,"[""Cherry Planks""]","[""Chest""]","{""has_alternatives"": true, ""category"": ""decoration_blocks""}"
crafting,"[""Pale Oak Planks""]","[""Chest""]","{""has_alternatives"": true, ""category"": ""decoration_blocks""}"
crafting,"[""Bamboo Planks""]","[""Chest""]","{""has_alternatives"": true, ""category"": ""decoration_blocks""}"
crafting,"[""Crimson Planks""]","[""Chest""]","{""has_alternatives"": true, ""category"": ""decoration_blocks""}"
crafting,"[""Warped Planks""]","[""Chest""]","{""has_alternatives"": true, ""category"": ""decoration_blocks""}"
crafting,"[""White Wool"", ""Stick""]","[""Painting""]","{""has_alternatives"": true, ""category"": ""decoration_blocks""}"
crafting,"[""Light Gray Wool"", ""Stick""]","[""Painting""]","{""has_alternatives"": true, ""category"": ""decoration_blocks""}"
crafting,"[""Stick"", ""Gray Wool""]","[""Painting""]","{""has_alternatives"": true, ""category"": ""decoration_blocks""}"
crafting,"[""Stick"", ""Black Wool""]","[""Painting""]","{""has_alternatives"": true, ""category"": ""decoration_blocks""}"
crafting,"[""Brown Wool"", ""Stick""]","[""Painting""]","{""has_alternatives"": true, ""category"": ""decoration_blocks""}"
crafting,"[""Stick"", ""Red Wool""]","[""Painting""]","{""has_alternatives"": true, ""category"": ""decoration_blocks""}"
crafting,"[""Orange Wool"", ""Stick""]","[""Painting""]","{""has_alternatives"": true, ""category"": ""decoration_blocks""}"
crafting,"[""Stick"", ""Yellow Wool""]","[""Painting""]","{""has_alternatives"": true, ""category"": ""decoration_blocks""}"
crafting,"[""Stick"", ""Lime Wool""]","[""Painting""]","{""has_alternatives"": true, ""category"": ""decoration_blocks""}"
crafting,"[""Green Wool"", ""Stick""]","[""Painting""]","{""has_alternatives"": true, ""category"": ""decoration_blocks""}"
crafting,"[""Stick"", ""Cyan Wool""]","[""Painting""]","{""has_alternatives"": true, ""category"": ""decoration_blocks""}"
crafting,"[""Light Blue Wool"", ""Stick""]","[""Painting""]","{""has_alternatives"": true, ""category"": ""decoration_blocks""}"
crafting,"[""Stick"", ""Blue Wool""]","[""Painting""]","{""has_alternatives"": true, ""category"": ""decoration_blocks""}"
crafting,"[""Stick"", ""Purple Wool""]","[""Painting""]","{""has_alternatives"": true, ""category"": ""decoration_blocks""}"
crafting,"[""Magenta Wool"", ""Stick""]","[""Painting""]","{""has_alternatives"": true, ""category"": ""decoration_blocks""}"
crafting,"[""Pink Wool"", ""Stick""]","[""Painting""]","{""has_alternatives"": true, ""category"": ""decoration_blocks""}"
crafting,"[""Oak Planks""]","[""Crafting Table""]","{""has_alternatives"": true, ""category"": ""decoration_blocks""}"
crafting,"[""Spruce Planks""]","[""Crafting Table""]","{""has_alternatives"": true, ""category"": ""decoration_blocks""}"
crafting,"[""Birch Planks""]","[""Crafting Table""]","{""has_alternatives"": true, ""category"": ""decoration_blocks""}"
crafting,"[""Jungle Planks""]","[""Crafting Table""]","{""has_alternatives"": true, ""category"": ""decoration_blocks""}"
crafting,"[""Acacia Planks""]","[""Crafting Table""]","{""has_alternatives"": true, ""category"": ""decoration_blocks""}"
crafting,"[""Dark Oak Planks""]","[""Crafting Table""]","{""has_alternatives"": true, ""category"": ""decoration_blocks""}"
crafting,"[""Mangrove Planks""]","[""Crafting Table""]","{""has_alternatives"": true, ""category"": ""decoration_blocks""}"
crafting,"[""Cherry Planks""]","[""Crafting Table""]","{""has_alternatives"": true, ""category"": ""decoration_blocks""}"
crafting,"[""Pale Oak Planks""]","[""Crafting Table""]","{""has_alternatives"": true, ""category"": ""decoration_blocks""}"
crafting,"[""Bamboo Planks""]","[""Crafting Table""]","{""has_alternatives"": true, ""category"": ""decoration_blocks""}"
crafting,"[""Crimson Planks""]","[""Crafting Table""]","{""has_alternatives"": true, ""category"": ""decoration_blocks""}"
crafting,"[""Warped Planks""]","[""Crafting Table""]","{""has_alternatives"": true, ""category"": ""decoration_blocks""}"
crafting,"[""Stick""]","[""Ladder""]","{""category"": ""decoration_blocks""}"
crafting,"[""Stick"", ""Oak Planks""]","[""Oak Sign""]","{""has_alternatives"": true, ""category"": ""decoration_blocks""}"
crafting,"[""Stick"", ""Spruce Planks""]","[""Spruce Sign""]","{""has_alternatives"": true, ""category"": ""decoration_blocks""}"
crafting,"[""Stick"", ""Birch Planks""]","[""Birch Sign""]","{""has_alternatives"": true, ""category"": ""decoration_blocks""}"
crafting,"[""Stick"", ""Jungle Planks""]","[""Jungle Sign""]","{""has_alternatives"": true, ""category"": ""decoration_blocks""}"
crafting,"[""Stick"", ""Acacia Planks""]","[""Acacia Sign""]","{""has_alternatives"": true, ""category"": ""decoration_blocks""}"
crafting,"[""Stick"", ""Dark Oak Planks""]","[""Dark Oak Sign""]","{""has_alternatives"": true, ""category"": ""decoration_blocks""}"
crafting,"[""Stick"", ""Mangrove Planks""]","[""Mangrove Sign""]","{""has_alternatives"": true, ""category"": ""decoration_blocks""}"
crafting,"[""Cherry Planks"", ""Stick""]","[""Cherry Sign""]","{""has_alternatives"": true, ""category"": ""decoration_blocks""}"
crafting,"[""Stick"", ""Pale Oak Planks""]","[""Pale Oak Sign""]","{""has_alternatives"": true, ""category"": ""decoration_blocks""}"
crafting,"[""Bamboo Planks"", ""Stick""]","[""Bamboo Sign""]","{""has_alternatives"": true, ""category"": ""decoration_blocks""}"
crafting,"[""Crimson Planks"", ""Stick""]","[""Crimson Sign""]","{""has_alternatives"": true, ""category"": ""decoration_blocks""}"
crafting,"[""Stick"", ""Warped Planks""]","[""Warped Sign""]","{""has_alternatives"": true, ""category"": ""decoration_blocks""}"
crafting,"[""Snow Block""]","[""Snow""]","{""category"": ""decoration_blocks""}"
crafting,"[""Oak Planks"", ""Diamond""]","[""Jukebox""]","{""has_alternatives"": true, ""category"": ""decoration_blocks""}"
crafting,"[""Spruce Planks"", ""Diamond""]","[""Jukebox""]","{""has_alternatives"": true, ""category"": ""decoration_blocks""}"
crafting,"[""Birch Planks"", ""Diamond""]","[""Jukebox""]","{""has_alternatives"": true, ""category"": ""decoration_blocks""}"
crafting,"[""Jungle Planks"", ""Diamond""]","[""Jukebox""]","{""has_alternatives"": true, ""category"": ""decoration_blocks""}"
crafting,"[""Acacia Planks"", ""Diamond""]","[""Jukebox""]","{""has_alternatives"": true, ""category"": ""decoration_blocks""}"
crafting,"[""Dark Oak Planks"", ""Diamond""]","[""Jukebox""]","{""has_alternatives"": true, ""category"": ""decoration_blocks""}"
crafting,"[""Mangrove Planks"", ""Diamond""]","[""Jukebox""]","{""has_alternatives"": true, ""category"": ""decoration_blocks""}"
crafting,"[""Cherry Planks"", ""Diamond""]","[""Jukebox""]","{""has_alternatives"": true, ""category"": ""decoration_blocks""}"
crafting,"[""Pale Oak Planks"", ""Diamond""]","[""Jukebox""]","{""has_alternatives"": true, ""category"": ""decoration_blocks""}"
crafting,"[""Bamboo Planks"", ""Diamond""]","[""Jukebox""]","{""has_alternatives"": true, ""category"": ""decoration_blocks""}"
crafting,"[""Crimson Planks"", ""Diamond""]","[""Jukebox""]","{""has_alternatives"": true, ""category"": ""decoration_blocks""}"
crafting,"[""Warped Planks"", ""Diamond""]","[""Jukebox""]","{""has_alternatives"": true, ""category"": ""decoration_blocks""}"
crafting,"[""Stick"", ""Oak Planks""]","[""Oak Fence""]","{""has_alternatives"": true, ""category"": ""decoration_blocks""}"
crafting,"[""Stick"", ""Spruce Planks""]","[""Spruce Fence""]","{""has_alternatives"": true, ""category"": ""decoration_blocks""}"
crafting,"[""Stick"", ""Birch Planks""]","[""Birch Fence""]","{""has_alternatives"": true, ""category"": ""decoration_blocks""}"
crafting,"[""Stick"", ""Jungle Planks""]","[""Jungle Fence""]","{""has_alternatives"": true, ""category"": ""decoration_blocks""}"
crafting,"[""Stick"", ""Acacia Planks""]","[""Acacia Fence""]","{""has_alternatives"": true, ""category"": ""decoration_blocks""}"
crafting,"[""Stick"", ""Dark Oak Planks""]","[""Dark Oak Fence""]","{""has_alternatives"": true, ""category"": ""decoration_blocks""}"
crafting,"[""Stick"", ""Mangrove Planks""]","[""Mangrove Fence""]","{""has_alternatives"": true, ""category"": ""decoration_blocks""}"
crafting,"[""Cherry Planks"", ""Stick""]","[""Cherry Fence""]","{""has_alternatives"": true, ""category"": ""decoration_blocks""}"
crafting,"[""Stick"", ""Pale Oak Planks""]","[""Pale Oak Fence""]","{""has_alternatives"": true, ""category"": ""decoration_blocks""}"
crafting,"[""Bamboo Planks"", ""Stick""]","[""Bamboo Fence""]","{""has_alternatives"": true, ""category"": ""decoration_blocks""}"
crafting,"[""Crimson Planks"", ""Stick""]","[""Crimson Fence""]","{""has_alternatives"": true, ""category"": ""decoration_blocks""}"
crafting,"[""Stick"", ""Warped Planks""]","[""Warped Fence""]","{""has_alternatives"": true, ""category"": ""decoration_blocks""}"
crafting,"[""Iron Ingot""]","[""Iron Bars""]","{""category"": ""decoration_blocks""}"
crafting,"[""Glass""]","[""Glass Pane""]","{""category"": ""decoration_blocks""}"
crafting,"[""Nether Bricks"", ""Nether Brick""]","[""Nether Brick Fence""]","{""category"": ""decoration_blocks""}"
crafting,"[""Obsidian"", ""Book"", ""Diamond""]","[""Enchanting Table""]","{""category"": ""decoration_blocks""}"
crafting,"[""Eye of Ender"", ""Glass"", ""Ghast Tear""]","[""End Crystal""]","{""category"": ""decoration_blocks""}"
crafting,"[""Obsidian"", ""Eye of Ender""]","[""Ender Chest""]","{""category"": ""decoration_blocks""}"
crafting,"[""Stick"", ""Leather""]","[""Item Frame""]","{""category"": ""decoration_blocks""}"
crafting,"[""Brick""]","[""Flower Pot""]","{""category"": ""decoration_blocks""}"
crafting,"[""Mossy Cobblestone""]","[""Mossy Cobblestone Wall""]","{""category"": ""decoration_blocks""}"
crafting,"[""Cobblestone""]","[""Furnace""]","{""has_alternatives"": true, ""category"": ""decoration_blocks""}"
crafting,"[""Blackstone""]","[""Furnace""]","{""has_alternatives"": true, ""category"": ""decoration_blocks""}"
crafting,"[""Cobbled Deepslate""]","[""Furnace""]","{""has_alternatives"": true, ""category"": ""decoration_blocks""}"
crafting,"[""White Wool"", ""Oak Planks""]","[""White Bed""]","{""has_alternatives"": true, ""category"": ""decoration_blocks""}"
crafting,"[""Light Gray Wool"", ""Spruce Planks""]","[""Light Gray Bed""]","{""has_alternatives"": true, ""category"": ""decoration_blocks""}"
crafting,"[""Gray Wool"", ""Birch Planks""]","[""Gray Bed""]","{""has_alternatives"": true, ""category"": ""decoration_blocks""}"
crafting,"[""Black Wool"", ""Jungle Planks""]","[""Black Bed""]","{""has_alternatives"": true, ""category"": ""decoration_blocks""}"
crafting,"[""Brown Wool"", ""Acacia Planks""]","[""Brown Bed""]","{""has_alternatives"": true, ""category"": ""decoration_blocks""}"
crafting,"[""Dark Oak Planks"", ""Red Wool""]","[""Red Bed""]","{""has_alternatives"": true, ""category"": ""decoration_blocks""}"
crafting,"[""Orange Wool"", ""Mangrove Planks""]","[""Orange Bed""]","{""has_alternatives"": true, ""category"": ""decoration_blocks""}"
crafting,"[""Cherry Planks"", ""Yellow Wool""]","[""Yellow Bed""]","{""has_alternatives"": true, ""category"": ""decoration_blocks""}"
crafting,"[""Lime Wool"", ""Pale Oak Planks""]","[""Lime Bed""]","{""has_alternatives"": true, ""category"": ""decoration_blocks""}"
crafting,"[""Green Wool"", ""Bamboo Planks""]","[""Green Bed""]","{""has_alternatives"": true, ""category"": ""decoration_blocks""}"
crafting,"[""Crimson Planks"", ""Cyan Wool""]","[""Cyan Bed""]","{""has_alternatives"": true, ""category"": ""decoration_blocks""}"
crafting,"[""Light Blue Wool"", ""Warped Planks""]","[""Light Blue Bed""]","{""has_alternatives"": true, ""category"": ""decoration_blocks""}"
crafting,"[""Blue Wool"", ""Oak Planks""]","[""Blue Bed""]","{""has_alternatives"": true, ""category"": ""decoration_blocks""}"
crafting,"[""Spruce Planks"", ""Purple Wool""]","[""Purple Bed""]","{""has_alternatives"": true, ""category"": ""decoration_blocks""}"
crafting,"[""Magenta Wool"", ""Birch Planks""]","[""Magenta Bed""]","{""has_alternatives"": true, ""category"": ""decoration_blocks""}"
crafting,"[""Pink Wool"", ""Jungle Planks""]","[""Pink Bed""]","{""has_alternatives"": true, ""category"": ""decoration_blocks""}"
crafting,"[""White Bed"", ""White Dye""]","[""White Bed""]","{""has_alternatives"": true, ""category"": ""decoration_blocks""}"
crafting,"[""Light Gray Bed"", ""Light Gray Dye""]","[""Light Gray Bed""]","{""has_alternatives"": true, ""category"": ""decoration_blocks""}"
crafting,"[""Gray Bed"", ""Gray Dye""]","[""Gray Bed""]","{""has_alternatives"": true, ""category"": ""decoration_blocks""}"
crafting,"[""Black Dye"", ""Black Bed""]","[""Black Bed""]","{""has_alternatives"": true, ""category"": ""decoration_blocks""}"
crafting,"[""Brown Bed"", ""Brown Dye""]","[""Brown Bed""]","{""has_alternatives"": true, ""category"": ""decoration_blocks""}"
crafting,"[""Red Bed"", ""Red Dye""]","[""Red Bed""]","{""has_alternatives"": true, ""category"": ""decoration_blocks""}"
crafting,"[""Orange Dye"", ""Orange Bed""]","[""Orange Bed""]","{""has_alternatives"": true, ""category"": ""decoration_blocks""}"
crafting,"[""Yellow Dye"", ""Yellow Bed""]","[""Yellow Bed""]","{""has_alternatives"": true, ""category"": ""decoration_blocks""}"
crafting,"[""Lime Bed"", ""Lime Dye""]","[""Lime Bed""]","{""has_alternatives"": true, ""category"": ""decoration_blocks""}"
crafting,"[""Green Dye"", ""Green Bed""]","[""Green Bed""]","{""has_alternatives"": true, ""category"": ""decoration_blocks""}"
crafting,"[""Cyan Bed"", ""Cyan Dye""]","[""Cyan Bed""]","{""has_alternatives"": true, ""category"": ""decoration_blocks""}"
crafting,"[""Light Blue Bed"", ""Light Blue Dye""]","[""Light Blue Bed""]","{""has_alternatives"": true, ""category"": ""decoration_blocks""}"
crafting,"[""Blue Dye"", ""Blue Bed""]","[""Blue Bed""]","{""has_alternatives"": true, ""category"": ""decoration_blocks""}"
crafting,"[""Purple Dye"", ""Purple Bed""]","[""Purple Bed""]","{""has_alternatives"": true, ""category"": ""decoration_blocks""}"
crafting,"[""Magenta Dye"", ""Magenta Bed""]","[""Magenta Bed""]","{""has_alternatives"": true, ""category"": ""decoration_blocks""}"
crafting,"[""Pink Dye"", ""Pink Bed""]","[""Pink Bed""]","{""has_alternatives"": true, ""category"": ""decoration_blocks""}"
crafting,"[""Stone"", ""Iron Ingot""]","[""Stonecutter""]","{""category"": ""decoration_blocks""}"
crafting,"[""White Wool""]","[""White Carpet""]","{""has_alternatives"": true, ""category"": ""decoration_blocks""}"
crafting,"[""Light Gray Wool""]","[""Light Gray Carpet""]","{""has_alternatives"": true, ""category"": ""decoration_blocks""}"
crafting,"[""Gray Wool""]","[""Gray Carpet""]","{""has_alternatives"": true, ""category"": ""decoration_blocks""}"
crafting,"[""Black Wool""]","[""Black Carpet""]","{""has_alternatives"": true, ""category"": ""decoration_blocks""}"
crafting,"[""Brown Wool""]","[""Brown Carpet""]","{""has_alternatives"": true, ""category"": ""decoration_blocks""}"
crafting,"[""Red Wool""]","[""Red Carpet""]","{""has_alternatives"": true, ""category"": ""decoration_blocks""}"
crafting,"[""Orange Wool""]","[""Orange Carpet""]","{""has_alternatives"": true, ""category"": ""decoration_blocks""}"
crafting,"[""Yellow Wool""]","[""Yellow Carpet""]","{""has_alternatives"": true, ""category"": ""decoration_blocks""}"
crafting,"[""Lime Wool""]","[""Lime Carpet""]","{""has_alternatives"": true, ""category"": ""decoration_blocks""}"
crafting,"[""Green Wool""]","[""Green Carpet""]","{""has_alternatives"": true, ""category"": ""decoration_blocks""}"
crafting,"[""Cyan Wool""]","[""Cyan Carpet""]","{""has_alternatives"": true, ""category"": ""decoration_blocks""}"
crafting,"[""Light Blue Wool""]","[""Light Blue Carpet""]","{""has_alternatives"": true, ""category"": ""decoration_blocks""}"
crafting,"[""Blue Wool""]","[""Blue Carpet""]","{""has_alternatives"": true, ""category"": ""decoration_blocks""}"
crafting,"[""Purple Wool""]","[""Purple Carpet""]","{""has_alternatives"": true, ""category"": ""decoration_blocks""}"
crafting,"[""Magenta Wool""]","[""Magenta Carpet""]","{""has_alternatives"": true, ""category"": ""decoration_blocks""}"
crafting,"[""Pink Wool""]","[""Pink Carpet""]","{""has_alternatives"": true, ""category"": ""decoration_blocks""}"
crafting,"[""White Dye"", ""White Carpet""]","[""White Carpet""]","{""has_alternatives"": true, ""category"": ""decoration_blocks""}"
crafting,"[""Light Gray Dye"", ""Light Gray Carpet""]","[""Light Gray Carpet""]","{""has_alternatives"": true, ""category"": ""decoration_blocks""}"
crafting,"[""Gray Carpet"", ""Gray Dye""]","[""Gray Carpet""]","{""has_alternatives"": true, ""category"": ""decoration_blocks""}"
crafting,"[""Black Carpet"", ""Black Dye""]","[""Black Carpet""]","{""has_alternatives"": true, ""category"": ""decoration_blocks""}"
crafting,"[""Brown Carpet"", ""Brown Dye""]","[""Brown Carpet""]","{""has_alternatives"": true, ""category"": ""decoration_blocks""}"
crafting,"[""Red Carpet"", ""Red Dye""]","[""Red Carpet""]","{""has_alternatives"": true, ""category"": ""decoration_blocks""}"
crafting,"[""Orange Dye"", ""Orange Carpet""]","[""Orange Carpet""]","{""has_alternatives"": true, ""category"": ""decoration_blocks""}"
crafting,"[""Yellow Dye"", ""Yellow Carpet""]","[""Yellow Carpet""]","{""has_alternatives"": true, ""category"": ""decoration_blocks""}"
crafting,"[""Lime Carpet"", ""Lime Dye""]","[""Lime Carpet""]","{""has_alternatives"": true, ""category"": ""decoration_blocks""}"
crafting,"[""Green Carpet"", ""Green Dye""]","[""Green Carpet""]","{""has_alternatives"": true, ""category"": ""decoration_blocks""}"
crafting,"[""Cyan Dye"", ""Cyan Carpet""]","[""Cyan Carpet""]","{""has_alternatives"": true, ""category"": ""decoration_blocks""}"
crafting,"[""Light Blue Carpet"", ""Light Blue Dye""]","[""Light Blue Carpet""]","{""has_alternatives"": true, ""category"": ""decoration_blocks""}"
crafting,"[""Blue Dye"", ""Blue Carpet""]","[""Blue Carpet""]","{""has_alternatives"": true, ""category"": ""decoration_blocks""}"
crafting,"[""Purple Dye"", ""Purple Carpet""]","[""Purple Carpet""]","{""has_alternatives"": true, ""category"": ""decoration_blocks""}"
crafting,"[""Magenta Carpet"", ""Magenta Dye""]","[""Magenta Carpet""]","{""has_alternatives"": true, ""category"": ""decoration_blocks""}"
crafting,"[""Pink Dye"", ""Pink Carpet""]","[""Pink Carpet""]","{""has_alternatives"": true, ""category"": ""decoration_blocks""}"
crafting,"[""Block of Iron"", ""Iron Ingot""]","[""Anvil""]","{""category"": ""decoration_blocks""}"
crafting,"[""White Stained Glass""]","[""White Stained Glass Pane""]","{""has_alternatives"": true, ""category"": ""decoration_blocks""}"
crafting,"[""Light Gray Stained Glass""]","[""Light Gray Stained Glass Pane""]","{""has_alternatives"": true, ""category"": ""decoration_blocks""}"
crafting,"[""Gray Stained Glass""]","[""Gray Stained Glass Pane""]","{""has_alternatives"": true, ""category"": ""decoration_blocks""}"
crafting,"[""Black Stained Glass""]","[""Black Stained Glass Pane""]","{""has_alternatives"": true, ""category"": ""decoration_blocks""}"
crafting,"[""Brown Stained Glass""]","[""Brown Stained Glass Pane""]","{""has_alternatives"": true, ""category"": ""decoration_blocks""}"
crafting,"[""Red Stained Glass""]","[""Red Stained Glass Pane""]","{""has_alternatives"": true, ""category"": ""decoration_blocks""}"
crafting,"[""Orange Stained Glass""]","[""Orange Stained Glass Pane""]","{""has_alternatives"": true, ""category"": ""decoration_blocks""}"
crafting,"[""Yellow Stained Glass""]","[""Yellow Stained Glass Pane""]","{""has_alternatives"": true, ""category"": ""decoration_blocks""}"
crafting,"[""Lime Stained Glass""]","[""Lime Stained Glass Pane""]","{""has_alternatives"": true, ""category"": ""decoration_blocks""}"
crafting,"[""Green Stained Glass""]","[""Green Stained Glass Pane""]","{""has_alternatives"": true, ""category"": ""decoration_blocks""}"
crafting,"[""Cyan Stained Glass""]","[""Cyan Stained Glass Pane""]","{""has_alternatives"": true, ""category"": ""decoration_blocks""}"
crafting,"[""Light Blue Stained Glass""]","[""Light Blue Stained Glass Pane""]","{""has_alternatives"": true, ""category"": ""decoration_blocks""}"
crafting,"[""Blue Stained Glass""]","[""Blue Stained Glass Pane""]","{""has_alternatives"": true, ""category"": ""decoration_blocks""}"
crafting,"[""Purple Stained Glass""]","[""Purple Stained Glass Pane""]","{""has_alternatives"": true, ""category"": ""decoration_blocks""}"
crafting,"[""Magenta Stained Glass""]","[""Magenta Stained Glass Pane""]","{""has_alternatives"": true, ""category"": ""decoration_blocks""}"
crafting,"[""Pink Stained Glass""]","[""Pink Stained Glass Pane""]","{""has_alternatives"": true, ""category"": ""decoration_blocks""}"
crafting,"[""Glass Pane"", ""White Dye""]","[""White Stained Glass Pane""]","{""has_alternatives"": true, ""category"": ""decoration_blocks""}"
crafting,"[""Glass Pane"", ""Light Gray Dye""]","[""Light Gray Stained Glass Pane""]","{""has_alternatives"": true, ""category"": ""decoration_blocks""}"
crafting,"[""Glass Pane"", ""Gray Dye""]","[""Gray Stained Glass Pane""]","{""has_alternatives"": true, ""category"": ""decoration_blocks""}"
crafting,"[""Black Dye"", ""Glass Pane""]","[""Black Stained Glass Pane""]","{""has_alternatives"": true, ""category"": ""decoration_blocks""}"
crafting,"[""Glass Pane"", ""Brown Dye""]","[""Brown Stained Glass Pane""]","{""has_alternatives"": true, ""category"": ""decoration_blocks""}"
crafting,"[""Red Dye"", ""Glass Pane""]","[""Red Stained Glass Pane""]","{""has_alternatives"": true, ""category"": ""decoration_blocks""}"
crafting,"[""Orange Dye"", ""Glass Pane""]","[""Orange Stained Glass Pane""]","{""has_alternatives"": true, ""category"": ""decoration_blocks""}"
crafting,"[""Yellow Dye"", ""Glass Pane""]","[""Yellow Stained Glass Pane""]","{""has_alternatives"": true, ""category"": ""decoration_blocks""}"
crafting,"[""Glass Pane"", ""Lime Dye""]","[""Lime Stained Glass Pane""]","{""has_alternatives"": true, ""category"": ""decoration_blocks""}"
crafting,"[""Green Dye"", ""Glass Pane""]","[""Green Stained Glass Pane""]","{""has_alternatives"": true, ""category"": ""decoration_blocks""}"
crafting,"[""Cyan Dye"", ""Glass Pane""]","[""Cyan Stained Glass Pane""]","{""has_alternatives"": true, ""category"": ""decoration_blocks""}"
crafting,"[""Glass Pane"", ""Light Blue Dye""]","[""Light Blue Stained Glass Pane""]","{""has_alternatives"": true, ""category"": ""decoration_blocks""}"
crafting,"[""Blue Dye"", ""Glass Pane""]","[""Blue Stained Glass Pane""]","{""has_alternatives"": true, ""category"": ""decoration_blocks""}"
crafting,"[""Purple Dye"", ""Glass Pane""]","[""Purple Stained Glass Pane""]","{""has_alternatives"": true, ""category"": ""decoration_blocks""}"
crafting,"[""Magenta Dye"", ""Glass Pane""]","[""Magenta Stained Glass Pane""]","{""has_alternatives"": true, ""category"": ""decoration_blocks""}"
crafting,"[""Glass Pane"", ""Pink Dye""]","[""Pink Stained Glass Pane""]","{""has_alternatives"": true, ""category"": ""decoration_blocks""}"
crafting,"[""White Wool"", ""Stick""]","[""White Banner""]","{""has_alternatives"": true, ""category"": ""decoration_blocks""}"
crafting,"[""Light Gray Wool"", ""Stick""]","[""Light Gray Banner""]","{""has_alternatives"": true, ""category"": ""decoration_blocks""}"
crafting,"[""Stick"", ""Gray Wool""]","[""Gray Banner""]","{""has_alternatives"": true, ""category"": ""decoration_blocks""}"
crafting,"[""Stick"", ""Black Wool""]","[""Black Banner""]","{""has_alternatives"": true, ""category"": ""decoration_blocks""}"
crafting,"[""Brown Wool"", ""Stick""]","[""Brown Banner""]","{""has_alternatives"": true, ""category"": ""decoration_blocks""}"
crafting,"[""Stick"", ""Red Wool""]","[""Red Banner""]","{""has_alternatives"": true, ""category"": ""decoration_blocks""}"
crafting,"[""Orange Wool"", ""Stick""]","[""Orange Banner""]","{""has_alternatives"": true, ""category"": ""decoration_blocks""}"
crafting,"[""Stick"", ""Yellow Wool""]","[""Yellow Banner""]","{""has_alternatives"": true, ""category"": ""decoration_blocks""}"
crafting,"[""Stick"", ""Lime Wool""]","[""Lime Banner""]","{""has_alternatives"": true, ""category"": ""decoration_blocks""}"
crafting,"[""Green Wool"", ""Stick""]","[""Green Banner""]","{""has_alternatives"": true, ""category"": ""decoration_blocks""}"
crafting,"[""Stick"", ""Cyan Wool""]","[""Cyan Banner""]","{""has_alternatives"": true, ""category"": ""decoration_blocks""}"
crafting,"[""Light Blue Wool"", ""Stick""]","[""Light Blue Banner""]","{""has_alternatives"": true, ""category"": ""decoration_blocks""}"
crafting,"[""Stick"", ""Blue Wool""]","[""Blue Banner""]","{""has_alternatives"": true, ""category"": ""decoration_blocks""}"
crafting,"[""Stick"", ""Purple Wool""]","[""Purple Banner""]","{""has_alternatives"": true, ""category"": ""decoration_blocks""}"
crafting,"[""Magenta Wool"", ""Stick""]","[""Magenta Banner""]","{""has_alternatives"": true, ""category"": ""decoration_blocks""}"
crafting,"[""Pink Wool"", ""Stick""]","[""Pink Banner""]","{""has_alternatives"": true, ""category"": ""decoration_blocks""}"
crafting,"[""Stick"", ""Smooth Stone Slab""]","[""Armor Stand""]","{""category"": ""decoration_blocks""}"
crafting,"[""Blaze Rod"", ""Popped Chorus Fruit""]","[""End Rod""]","{""category"": ""decoration_blocks""}"
crafting,"[""Shulker Shell"", ""Chest""]","[""Shulker Box""]","{""category"": ""decoration_blocks""}"
crafting,"[""White Shulker Box"", ""White Dye""]","[""White Shulker Box""]","{""has_alternatives"": true, ""category"": ""decoration_blocks""}"
crafting,"[""Light Gray Shulker Box"", ""Light Gray Dye""]","[""Light Gray Shulker Box""]","{""has_alternatives"": true, ""category"": ""decoration_blocks""}"
crafting,"[""Gray Shulker Box"", ""Gray Dye""]","[""Gray Shulker Box""]","{""has_alternatives"": true, ""category"": ""decoration_blocks""}"
crafting,"[""Black Dye"", ""Black Shulker Box""]","[""Black Shulker Box""]","{""has_alternatives"": true, ""category"": ""decoration_blocks""}"
crafting,"[""Brown Shulker Box"", ""Brown Dye""]","[""Brown Shulker Box""]","{""has_alternatives"": true, ""category"": ""decoration_blocks""}"
crafting,"[""Red Dye"", ""Red Shulker Box""]","[""Red Shulker Box""]","{""has_alternatives"": true, ""category"": ""decoration_blocks""}"
crafting,"[""Orange Dye"", ""Orange Shulker Box""]","[""Orange Shulker Box""]","{""has_alternatives"": true, ""category"": ""decoration_blocks""}"
crafting,"[""Yellow Dye"", ""Yellow Shulker Box""]","[""Yellow Shulker Box""]","{""has_alternatives"": true, ""category"": ""decoration_blocks""}"
crafting,"[""Lime Shulker Box"", ""Lime Dye""]","[""Lime Shulker Box""]","{""has_alternatives"": true, ""category"": ""decoration_blocks""}"
crafting,"[""Green Shulker Box"", ""Green Dye""]","[""Green Shulker Box""]","{""has_alternatives"": true, ""category"": ""decoration_blocks""}"
crafting,"[""Cyan Shulker Box"", ""Cyan Dye""]","[""Cyan Shulker Box""]","{""has_alternatives"": true, ""category"": ""decoration_blocks""}"
crafting,"[""Light Blue Shulker Box"", ""Light Blue Dye""]","[""Light Blue Shulker Box""]","{""has_alternatives"": true, ""category"": ""decoration_blocks""}"
crafting,"[""Blue Dye"", ""Blue Shulker Box""]","[""Blue Shulker Box""]","{""has_alternatives"": true, ""category"": ""decoration_blocks""}"
crafting,"[""Purple Dye"", ""Purple Shulker Box""]","[""Purple Shulker Box""]","{""has_alternatives"": true, ""category"": ""decoration_blocks""}"
crafting,"[""Magenta Shulker Box"", ""Magenta Dye""]","[""Magenta Shulker Box""]","{""has_alternatives"": true, ""category"": ""decoration_blocks""}"
crafting,"[""Pink Shulker Box"", ""Pink Dye""]","[""Pink Shulker Box""]","{""has_alternatives"": true, ""category"": ""decoration_blocks""}"
crafting,"[""Stick"", ""Coal""]","[""Campfire""]","{""has_alternatives"": true, ""category"": ""decoration_blocks""}"
crafting,"[""Charcoal"", ""Stick""]","[""Campfire""]","{""has_alternatives"": true, ""category"": ""decoration_blocks""}"
crafting,"[""String"", ""Oak Planks""]","[""Loom""]","{""has_alternatives"": true, ""category"": ""decoration_blocks""}"
crafting,"[""String"", ""Spruce Planks""]","[""Loom""]","{""has_alternatives"": true, ""category"": ""decoration_blocks""}"
crafting,"[""String"", ""Birch Planks""]","[""Loom""]","{""has_alternatives"": true, ""category"": ""decoration_blocks""}"
crafting,"[""String"", ""Jungle Planks""]","[""Loom""]","{""has_alternatives"": true, ""category"": ""decoration_blocks""}"
crafting,"[""String"", ""Acacia Planks""]","[""Loom""]","{""has_alternatives"": true, ""category"": ""decoration_blocks""}"
crafting,"[""String"", ""Dark Oak Planks""]","[""Loom""]","{""has_alternatives"": true, ""category"": ""decoration_blocks""}"
crafting,"[""String"", ""Mangrove Planks""]","[""Loom""]","{""has_alternatives"": true, ""category"": ""decoration_blocks""}"
crafting,"[""Cherry Planks"", ""String""]","[""Loom""]","{""has_alternatives"": true, ""category"": ""decoration_blocks""}"
crafting,"[""String"", ""Pale Oak Planks""]","[""Loom""]","{""has_alternatives"": true, ""category"": ""decoration_blocks""}"
crafting,"[""String"", ""Bamboo Planks""]","[""Loom""]","{""has_alternatives"": true, ""category"": ""decoration_blocks""}"
crafting,"[""Crimson Planks"", ""String""]","[""Loom""]","{""has_alternatives"": true, ""category"": ""decoration_blocks""}"
crafting,"[""String"", ""Warped Planks""]","[""Loom""]","{""has_alternatives"": true, ""category"": ""decoration_blocks""}"
crafting,"[""Andesite""]","[""Andesite Wall""]","{""category"": ""decoration_blocks""}"
crafting,"[""Bricks""]","[""Brick Wall""]","{""category"": ""decoration_blocks""}"
crafting,"[""Diorite""]","[""Diorite Wall""]","{""category"": ""decoration_blocks""}"
crafting,"[""End Stone Bricks""]","[""End Stone Brick Wall""]","{""category"": ""decoration_blocks""}"
crafting,"[""Granite""]","[""Granite Wall""]","{""category"": ""decoration_blocks""}"
crafting,"[""Mossy Stone Bricks""]","[""Mossy Stone Brick Wall""]","{""category"": ""decoration_blocks""}"
crafting,"[""Nether Bricks""]","[""Nether Brick Wall""]","{""category"": ""decoration_blocks""}"
crafting,"[""Prismarine""]","[""Prismarine Wall""]","{""category"": ""decoration_blocks""}"
crafting,"[""Red Nether Bricks""]","[""Red Nether Brick Wall""]","{""category"": ""decoration_blocks""}"
crafting,"[""Red Sandstone""]","[""Red Sandstone Wall""]","{""category"": ""decoration_blocks""}"
crafting,"[""Sandstone""]","[""Sandstone Wall""]","{""category"": ""decoration_blocks""}"
crafting,"[""Stone Bricks""]","[""Stone Brick Wall""]","{""category"": ""decoration_blocks""}"
crafting,"[""Oak Slab"", ""Oak Planks""]","[""Barrel""]","{""has_alternatives"": true, ""category"": ""decoration_blocks""}"
crafting,"[""Spruce Planks"", ""Spruce Slab""]","[""Barrel""]","{""has_alternatives"": true, ""category"": ""decoration_blocks""}"
crafting,"[""Birch Slab"", ""Birch Planks""]","[""Barrel""]","{""has_alternatives"": true, ""category"": ""decoration_blocks""}"
crafting,"[""Jungle Slab"", ""Jungle Planks""]","[""Barrel""]","{""has_alternatives"": true, ""category"": ""decoration_blocks""}"
crafting,"[""Acacia Slab"", ""Acacia Planks""]","[""Barrel""]","{""has_alternatives"": true, ""category"": ""decoration_blocks""}"
crafting,"[""Dark Oak Slab"", ""Dark Oak Planks""]","[""Barrel""]","{""has_alternatives"": true, ""category"": ""decoration_blocks""}"
crafting,"[""Mangrove Slab"", ""Mangrove Planks""]","[""Barrel""]","{""has_alternatives"": true, ""category"": ""decoration_blocks""}"
crafting,"[""Cherry Planks"", ""Cherry Slab""]","[""Barrel""]","{""has_alternatives"": true, ""category"": ""decoration_blocks""}"
crafting,"[""Pale Oak Slab"", ""Pale Oak Planks""]","[""Barrel""]","{""has_alternatives"": true, ""category"": ""decoration_blocks""}"
crafting,"[""Bamboo Planks"", ""Bamboo Slab""]","[""Barrel""]","{""has_alternatives"": true, ""category"": ""decoration_blocks""}"
crafting,"[""Crimson Planks"", ""Crimson Slab""]","[""Barrel""]","{""has_alternatives"": true, ""category"": ""decoration_blocks""}"
crafting,"[""Warped Slab"", ""Warped Planks""]","[""Barrel""]","{""has_alternatives"": true, ""category"": ""decoration_blocks""}"
crafting,"[""Furnace"", ""Oak Log""]","[""Smoker""]","{""has_alternatives"": true, ""category"": ""decoration_blocks""}"
crafting,"[""Furnace"", ""Spruce Log""]","[""Smoker""]","{""has_alternatives"": true, ""category"": ""decoration_blocks""}"
crafting,"[""Furnace"", ""Birch Log""]","[""Smoker""]","{""has_alternatives"": true, ""category"": ""decoration_blocks""}"
crafting,"[""Furnace"", ""Jungle Log""]","[""Smoker""]","{""has_alternatives"": true, ""category"": ""decoration_blocks""}"
crafting,"[""Furnace"", ""Acacia Log""]","[""Smoker""]","{""has_alternatives"": true, ""category"": ""decoration_blocks""}"
crafting,"[""Furnace"", ""Dark Oak Log""]","[""Smoker""]","{""has_alternatives"": true, ""category"": ""decoration_blocks""}"
crafting,"[""Mangrove Log"", ""Furnace""]","[""Smoker""]","{""has_alternatives"": true, ""category"": ""decoration_blocks""}"
crafting,"[""Furnace"", ""Cherry Log""]","[""Smoker""]","{""has_alternatives"": true, ""category"": ""decoration_blocks""}"
crafting,"[""Furnace"", ""Pale Oak Log""]","[""Smoker""]","{""has_alternatives"": true, ""category"": ""decoration_blocks""}"
crafting,"[""Furnace"", ""Crimson Stem""]","[""Smoker""]","{""has_alternatives"": true, ""category"": ""decoration_blocks""}"
crafting,"[""Furnace"", ""Warped Stem""]","[""Smoker""]","{""has_alternatives"": true, ""category"": ""decoration_blocks""}"
crafting,"[""Furnace"", ""Stripped Oak Log""]","[""Smoker""]","{""has_alternatives"": true, ""category"": ""decoration_blocks""}"
crafting,"[""Furnace"", ""Stripped Spruce Log""]","[""Smoker""]","{""has_alternatives"": true, ""category"": ""decoration_blocks""}"
crafting,"[""Stripped Birch Log"", ""Furnace""]","[""Smoker""]","{""has_alternatives"": true, ""category"": ""decoration_blocks""}"
crafting,"[""Furnace"", ""Stripped Jungle Log""]","[""Smoker""]","{""has_alternatives"": true, ""category"": ""decoration_blocks""}"
crafting,"[""Furnace"", ""Stripped Acacia Log""]","[""Smoker""]","{""has_alternatives"": true, ""category"": ""decoration_blocks""}"
crafting,"[""Stripped Dark Oak Log"", ""Furnace""]","[""Smoker""]","{""has_alternatives"": true, ""category"": ""decoration_blocks""}"
crafting,"[""Stripped Mangrove Log"", ""Furnace""]","[""Smoker""]","{""has_alternatives"": true, ""category"": ""decoration_blocks""}"
crafting,"[""Stripped Cherry Log"", ""Furnace""]","[""Smoker""]","{""has_alternatives"": true, ""category"": ""decoration_blocks""}"
crafting,"[""Furnace"", ""Stripped Pale Oak Log""]","[""Smoker""]","{""has_alternatives"": true, ""category"": ""decoration_blocks""}"
crafting,"[""Furnace"", ""Stripped Crimson Stem""]","[""Smoker""]","{""has_alternatives"": true, ""category"": ""decoration_blocks""}"
crafting,"[""Furnace"", ""Stripped Warped Stem""]","[""Smoker""]","{""has_alternatives"": true, ""category"": ""decoration_blocks""}"
crafting,"[""Furnace"", ""Oak Wood""]","[""Smoker""]","{""has_alternatives"": true, ""category"": ""decoration_blocks""}"
crafting,"[""Furnace"", ""Spruce Wood""]","[""Smoker""]","{""has_alternatives"": true, ""category"": ""decoration_blocks""}"
crafting,"[""Birch Wood"", ""Furnace""]","[""Smoker""]","{""has_alternatives"": true, ""category"": ""decoration_blocks""}"
crafting,"[""Furnace"", ""Jungle Wood""]","[""Smoker""]","{""has_alternatives"": true, ""category"": ""decoration_blocks""}"
crafting,"[""Furnace"", ""Acacia Wood""]","[""Smoker""]","{""has_alternatives"": true, ""category"": ""decoration_blocks""}"
crafting,"[""Dark Oak Wood"", ""Furnace""]","[""Smoker""]","{""has_alternatives"": true, ""category"": ""decoration_blocks""}"
crafting,"[""Furnace"", ""Mangrove Wood""]","[""Smoker""]","{""has_alternatives"": true, ""category"": ""decoration_blocks""}"
crafting,"[""Furnace"", ""Cherry Wood""]","[""Smoker""]","{""has_alternatives"": true, ""category"": ""decoration_blocks""}"
crafting,"[""Furnace"", ""Pale Oak Wood""]","[""Smoker""]","{""has_alternatives"": true, ""category"": ""decoration_blocks""}"
crafting,"[""Furnace"", ""Crimson Hyphae""]","[""Smoker""]","{""has_alternatives"": true, ""category"": ""decoration_blocks""}"
crafting,"[""Furnace"", ""Warped Hyphae""]","[""Smoker""]","{""has_alternatives"": true, ""category"": ""decoration_blocks""}"
crafting,"[""Furnace"", ""Stripped Oak Wood""]","[""Smoker""]","{""has_alternatives"": true, ""category"": ""decoration_blocks""}"
crafting,"[""Furnace"", ""Stripped Spruce Wood""]","[""Smoker""]","{""has_alternatives"": true, ""category"": ""decoration_blocks""}"
crafting,"[""Furnace"", ""Stripped Birch Wood""]","[""Smoker""]","{""has_alternatives"": true, ""category"": ""decoration_blocks""}"
crafting,"[""Furnace"", ""Stripped Jungle Wood""]","[""Smoker""]","{""has_alternatives"": true, ""category"": ""decoration_blocks""}"
crafting,"[""Furnace"", ""Stripped Acacia Wood""]","[""Smoker""]","{""has_alternatives"": true, ""category"": ""decoration_blocks""}"
crafting,"[""Furnace"", ""Stripped Dark Oak Wood""]","[""Smoker""]","{""has_alternatives"": true, ""category"": ""decoration_blocks""}"
crafting,"[""Furnace"", ""Stripped Mangrove Wood""]","[""Smoker""]","{""has_alternatives"": true, ""category"": ""decoration_blocks""}"
crafting,"[""Furnace"", ""Stripped Cherry Wood""]","[""Smoker""]","{""has_alternatives"": true, ""category"": ""decoration_blocks""}"
crafting,"[""Furnace"", ""Stripped Pale Oak Wood""]","[""Smoker""]","{""has_alternatives"": true, ""category"": ""decoration_blocks""}"
crafting,"[""Furnace"", ""Stripped Crimson Hyphae""]","[""Smoker""]","{""has_alternatives"": true, ""category"": ""decoration_blocks""}"
crafting,"[""Furnace"", ""Stripped Warped Hyphae""]","[""Smoker""]","{""has_alternatives"": true, ""category"": ""decoration_blocks""}"
crafting,"[""Furnace"", ""Smooth Stone"", ""Iron Ingot""]","[""Blast Furnace""]","{""category"": ""decoration_blocks""}"
crafting,"[""Paper"", ""Oak Planks""]","[""Cartography Table""]","{""has_alternatives"": true, ""category"": ""decoration_blocks""}"
crafting,"[""Spruce Planks"", ""Paper""]","[""Cartography Table""]","{""has_alternatives"": true, ""category"": ""decoration_blocks""}"
crafting,"[""Birch Planks"", ""Paper""]","[""Cartography Table""]","{""has_alternatives"": true, ""category"": ""decoration_blocks""}"
crafting,"[""Paper"", ""Jungle Planks""]","[""Cartography Table""]","{""has_alternatives"": true, ""category"": ""decoration_blocks""}"
crafting,"[""Acacia Planks"", ""Paper""]","[""Cartography Table""]","{""has_alternatives"": true, ""category"": ""decoration_blocks""}"
crafting,"[""Dark Oak Planks"", ""Paper""]","[""Cartography Table""]","{""has_alternatives"": true, ""category"": ""decoration_blocks""}"
crafting,"[""Paper"", ""Mangrove Planks""]","[""Cartography Table""]","{""has_alternatives"": true, ""category"": ""decoration_blocks""}"
crafting,"[""Cherry Planks"", ""Paper""]","[""Cartography Table""]","{""has_alternatives"": true, ""category"": ""decoration_blocks""}"
crafting,"[""Pale Oak Planks"", ""Paper""]","[""Cartography Table""]","{""has_alternatives"": true, ""category"": ""decoration_blocks""}"
crafting,"[""Bamboo Planks"", ""Paper""]","[""Cartography Table""]","{""has_alternatives"": true, ""category"": ""decoration_blocks""}"
crafting,"[""Crimson Planks"", ""Paper""]","[""Cartography Table""]","{""has_alternatives"": true, ""category"": ""decoration_blocks""}"
crafting,"[""Warped Planks"", ""Paper""]","[""Cartography Table""]","{""has_alternatives"": true, ""category"": ""decoration_blocks""}"
crafting,"[""Oak Planks"", ""Flint""]","[""Fletching Table""]","{""has_alternatives"": true, ""category"": ""decoration_blocks""}"
crafting,"[""Spruce Planks"", ""Flint""]","[""Fletching Table""]","{""has_alternatives"": true, ""category"": ""decoration_blocks""}"
crafting,"[""Birch Planks"", ""Flint""]","[""Fletching Table""]","{""has_alternatives"": true, ""category"": ""decoration_blocks""}"
crafting,"[""Jungle Planks"", ""Flint""]","[""Fletching Table""]","{""has_alternatives"": true, ""category"": ""decoration_blocks""}"
crafting,"[""Acacia Planks"", ""Flint""]","[""Fletching Table""]","{""has_alternatives"": true, ""category"": ""decoration_blocks""}"
crafting,"[""Dark Oak Planks"", ""Flint""]","[""Fletching Table""]","{""has_alternatives"": true, ""category"": ""decoration_blocks""}"
crafting,"[""Mangrove Planks"", ""Flint""]","[""Fletching Table""]","{""has_alternatives"": true, ""category"": ""decoration_blocks""}"
crafting,"[""Cherry Planks"", ""Flint""]","[""Fletching Table""]","{""has_alternatives"": true, ""category"": ""decoration_blocks""}"
crafting,"[""Pale Oak Planks"", ""Flint""]","[""Fletching Table""]","{""has_alternatives"": true, ""category"": ""decoration_blocks""}"
crafting,"[""Bamboo Planks"", ""Flint""]","[""Fletching Table""]","{""has_alternatives"": true, ""category"": ""decoration_blocks""}"
crafting,"[""Crimson Planks"", ""Flint""]","[""Fletching Table""]","{""has_alternatives"": true, ""category"": ""decoration_blocks""}"
crafting,"[""Warped Planks"", ""Flint""]","[""Fletching Table""]","{""has_alternatives"": true, ""category"": ""decoration_blocks""}"
crafting,"[""Stick"", ""Stone Slab"", ""Oak Planks""]","[""Grindstone""]","{""has_alternatives"": true, ""category"": ""decoration_blocks""}"
crafting,"[""Stick"", ""Spruce Planks"", ""Stone Slab""]","[""Grindstone""]","{""has_alternatives"": true, ""category"": ""decoration_blocks""}"
crafting,"[""Stick"", ""Birch Planks"", ""Stone Slab""]","[""Grindstone""]","{""has_alternatives"": true, ""category"": ""decoration_blocks""}"
crafting,"[""Stick"", ""Stone Slab"", ""Jungle Planks""]","[""Grindstone""]","{""has_alternatives"": true, ""category"": ""decoration_blocks""}"
crafting,"[""Stick"", ""Acacia Planks"", ""Stone Slab""]","[""Grindstone""]","{""has_alternatives"": true, ""category"": ""decoration_blocks""}"
crafting,"[""Stick"", ""Dark Oak Planks"", ""Stone Slab""]","[""Grindstone""]","{""has_alternatives"": true, ""category"": ""decoration_blocks""}"
crafting,"[""Stick"", ""Stone Slab"", ""Mangrove Planks""]","[""Grindstone""]","{""has_alternatives"": true, ""category"": ""decoration_blocks""}"
crafting,"[""Cherry Planks"", ""Stick"", ""Stone Slab""]","[""Grindstone""]","{""has_alternatives"": true, ""category"": ""decoration_blocks""}"
crafting,"[""Stick"", ""Pale Oak Planks"", ""Stone Slab""]","[""Grindstone""]","{""has_alternatives"": true, ""category"": ""decoration_blocks""}"
crafting,"[""Bamboo Planks"", ""Stick"", ""Stone Slab""]","[""Grindstone""]","{""has_alternatives"": true, ""category"": ""decoration_blocks""}"
crafting,"[""Crimson Planks"", ""Stick"", ""Stone Slab""]","[""Grindstone""]","{""has_alternatives"": true, ""category"": ""decoration_blocks""}"
crafting,"[""Stick"", ""Warped Planks"", ""Stone Slab""]","[""Grindstone""]","{""has_alternatives"": true, ""category"": ""decoration_blocks""}"
crafting,"[""Oak Planks"", ""Iron Ingot""]","[""Smithing Table""]","{""has_alternatives"": true, ""category"": ""decoration_blocks""}"
crafting,"[""Spruce Planks"", ""Iron Ingot""]","[""Smithing Table""]","{""has_alternatives"": true, ""category"": ""decoration_blocks""}"
crafting,"[""Birch Planks"", ""Iron Ingot""]","[""Smithing Table""]","{""has_alternatives"": true, ""category"": ""decoration_blocks""}"
crafting,"[""Jungle Planks"", ""Iron Ingot""]","[""Smithing Table""]","{""has_alternatives"": true, ""category"": ""decoration_blocks""}"
crafting,"[""Acacia Planks"", ""Iron Ingot""]","[""Smithing Table""]","{""has_alternatives"": true, ""category"": ""decoration_blocks""}"
crafting,"[""Dark Oak Planks"", ""Iron Ingot""]","[""Smithing Table""]","{""has_alternatives"": true, ""category"": ""decoration_blocks""}"
crafting,"[""Mangrove Planks"", ""Iron Ingot""]","[""Smithing Table""]","{""has_alternatives"": true, ""category"": ""decoration_blocks""}"
crafting,"[""Cherry Planks"", ""Iron Ingot""]","[""Smithing Table""]","{""has_alternatives"": true, ""category"": ""decoration_blocks""}"
crafting,"[""Pale Oak Planks"", ""Iron Ingot""]","[""Smithing Table""]","{""has_alternatives"": true, ""category"": ""decoration_blocks""}"
crafting,"[""Bamboo Planks"", ""Iron Ingot""]","[""Smithing Table""]","{""has_alternatives"": true, ""category"": ""decoration_blocks""}"
crafting,"[""Crimson Planks"", ""Iron Ingot""]","[""Smithing Table""]","{""has_alternatives"": true, ""category"": ""decoration_blocks""}"
crafting,"[""Warped Planks"", ""Iron Ingot""]","[""Smithing Table""]","{""has_alternatives"": true, ""category"": ""decoration_blocks""}"
crafting,"[""Cobblestone""]","[""Cobblestone Wall""]","{""category"": ""decoration_blocks""}"
crafting,"[""Iron Nugget"", ""Torch""]","[""Lantern""]","{""category"": ""decoration_blocks""}"
crafting,"[""Oak Slab""]","[""Composter""]","{""has_alternatives"": true, ""category"": ""decoration_blocks""}"
crafting,"[""Spruce Slab""]","[""Composter""]","{""has_alternatives"": true, ""category"": ""decoration_blocks""}"
crafting,"[""Birch Slab""]","[""Composter""]","{""has_alternatives"": true, ""category"": ""decoration_blocks""}"
crafting,"[""Jungle Slab""]","[""Composter""]","{""has_alternatives"": true, ""category"": ""decoration_blocks""}"
crafting,"[""Acacia Slab""]","[""Composter""]","{""has_alternatives"": true, ""category"": ""decoration_blocks""}"
crafting,"[""Dark Oak Slab""]","[""Composter""]","{""has_alternatives"": true, ""category"": ""decoration_blocks""}"
crafting,"[""Mangrove Slab""]","[""Composter""]","{""has_alternatives"": true, ""category"": ""decoration_blocks""}"
crafting,"[""Cherry Slab""]","[""Composter""]","{""has_alternatives"": true, ""category"": ""decoration_blocks""}"
crafting,"[""Pale Oak Slab""]","[""Composter""]","{""has_alternatives"": true, ""category"": ""decoration_blocks""}"
crafting,"[""Bamboo Slab""]","[""Composter""]","{""has_alternatives"": true, ""category"": ""decoration_blocks""}"
crafting,"[""Crimson Slab""]","[""Composter""]","{""has_alternatives"": true, ""category"": ""decoration_blocks""}"
crafting,"[""Warped Slab""]","[""Composter""]","{""has_alternatives"": true, ""category"": ""decoration_blocks""}"
crafting,"[""Honeycomb"", ""Oak Planks""]","[""Beehive""]","{""has_alternatives"": true, ""category"": ""decoration_blocks""}"
crafting,"[""Honeycomb"", ""Spruce Planks""]","[""Beehive""]","{""has_alternatives"": true, ""category"": ""decoration_blocks""}"
crafting,"[""Honeycomb"", ""Birch Planks""]","[""Beehive""]","{""has_alternatives"": true, ""category"": ""decoration_blocks""}"
crafting,"[""Honeycomb"", ""Jungle Planks""]","[""Beehive""]","{""has_alternatives"": true, ""category"": ""decoration_blocks""}"
crafting,"[""Honeycomb"", ""Acacia Planks""]","[""Beehive""]","{""has_alternatives"": true, ""category"": ""decoration_blocks""}"
crafting,"[""Honeycomb"", ""Dark Oak Planks""]","[""Beehive""]","{""has_alternatives"": true, ""category"": ""decoration_blocks""}"
crafting,"[""Honeycomb"", ""Mangrove Planks""]","[""Beehive""]","{""has_alternatives"": true, ""category"": ""decoration_blocks""}"
crafting,"[""Cherry Planks"", ""Honeycomb""]","[""Beehive""]","{""has_alternatives"": true, ""category"": ""decoration_blocks""}"
crafting,"[""Honeycomb"", ""Pale Oak Planks""]","[""Beehive""]","{""has_alternatives"": true, ""category"": ""decoration_blocks""}"
crafting,"[""Honeycomb"", ""Bamboo Planks""]","[""Beehive""]","{""has_alternatives"": true, ""category"": ""decoration_blocks""}"
crafting,"[""Crimson Planks"", ""Honeycomb""]","[""Beehive""]","{""has_alternatives"": true, ""category"": ""decoration_blocks""}"
crafting,"[""Honeycomb"", ""Warped Planks""]","[""Beehive""]","{""has_alternatives"": true, ""category"": ""decoration_blocks""}"
crafting,"[""Honeycomb""]","[""Honeycomb Block""]","{""category"": ""decoration_blocks""}"
crafting,"[""Crying Obsidian"", ""Glowstone""]","[""Respawn Anchor""]","{""category"": ""decoration_blocks""}"
crafting,"[""Chiseled Stone Bricks"", ""Iron Ingot""]","[""Lodestone""]","{""category"": ""decoration_blocks""}"
crafting,"[""Blackstone""]","[""Blackstone Wall""]","{""category"": ""decoration_blocks""}"
crafting,"[""Polished Blackstone""]","[""Polished Blackstone Wall""]","{""category"": ""decoration_blocks""}"
crafting,"[""Polished Blackstone Bricks""]","[""Polished Blackstone Brick Wall""]","{""category"": ""decoration_blocks""}"
crafting,"[""Stick"", ""Soul Sand""]","[""Soul Campfire""]","{""has_alternatives"": true, ""category"": ""decoration_blocks""}"
crafting,"[""Stick"", ""Soul Soil""]","[""Soul Campfire""]","{""has_alternatives"": true, ""category"": ""decoration_blocks""}"
crafting,"[""Iron Nugget"", ""Iron Ingot""]","[""Iron Chain""]","{""category"": ""decoration_blocks""}"
crafting,"[""Stick"", ""Soul Soil"", ""Coal""]","[""Soul Torch""]","{""has_alternatives"": true, ""category"": ""decoration_blocks""}"
crafting,"[""Charcoal"", ""Stick"", ""Soul Sand""]","[""Soul Torch""]","{""has_alternatives"": true, ""category"": ""decoration_blocks""}"
crafting,"[""Soul Torch"", ""Iron Nugget""]","[""Soul Lantern""]","{""category"": ""decoration_blocks""}"
crafting,"[""String"", ""Honeycomb""]","[""Candle""]","{""category"": ""decoration_blocks""}"
crafting,"[""Candle"", ""White Dye""]","[""White Candle""]","{""has_alternatives"": true, ""category"": ""decoration_blocks""}"
crafting,"[""Candle"", ""Light Gray Dye""]","[""Light Gray Candle""]","{""has_alternatives"": true, ""category"": ""decoration_blocks""}"
crafting,"[""Candle"", ""Gray Dye""]","[""Gray Candle""]","{""has_alternatives"": true, ""category"": ""decoration_blocks""}"
crafting,"[""Candle"", ""Black Dye""]","[""Black Candle""]","{""has_alternatives"": true, ""category"": ""decoration_blocks""}"
crafting,"[""Candle"", ""Brown Dye""]","[""Brown Candle""]","{""has_alternatives"": true, ""category"": ""decoration_blocks""}"
crafting,"[""Candle"", ""Red Dye""]","[""Red Candle""]","{""has_alternatives"": true, ""category"": ""decoration_blocks""}"
crafting,"[""Candle"", ""Orange Dye""]","[""Orange Candle""]","{""has_alternatives"": true, ""category"": ""decoration_blocks""}"
crafting,"[""Candle"", ""Yellow Dye""]","[""Yellow Candle""]","{""has_alternatives"": true, ""category"": ""decoration_blocks""}"
crafting,"[""Candle"", ""Lime Dye""]","[""Lime Candle""]","{""has_alternatives"": true, ""category"": ""decoration_blocks""}"
crafting,"[""Candle"", ""Green Dye""]","[""Green Candle""]","{""has_alternatives"": true, ""category"": ""decoration_blocks""}"
crafting,"[""Candle"", ""Cyan Dye""]","[""Cyan Candle""]","{""has_alternatives"": true, ""category"": ""decoration_blocks""}"
crafting,"[""Candle"", ""Light Blue Dye""]","[""Light Blue Candle""]","{""has_alternatives"": true, ""category"": ""decoration_blocks""}"
crafting,"[""Candle"", ""Blue Dye""]","[""Blue Candle""]","{""has_alternatives"": true, ""category"": ""decoration_blocks""}"
crafting,"[""Candle"", ""Purple Dye""]","[""Purple Candle""]","{""has_alternatives"": true, ""category"": ""decoration_blocks""}"
crafting,"[""Candle"", ""Magenta Dye""]","[""Magenta Candle""]","{""has_alternatives"": true, ""category"": ""decoration_blocks""}"
crafting,"[""Candle"", ""Pink Dye""]","[""Pink Candle""]","{""has_alternatives"": true, ""category"": ""decoration_blocks""}"
crafting,"[""Glow Ink Sac"", ""Item Frame""]","[""Glow Item Frame""]","{""category"": ""decoration_blocks""}"
crafting,"[""Moss Block""]","[""Moss Carpet""]","{""category"": ""decoration_blocks""}"
crafting,"[""Polished Deepslate""]","[""Polished Deepslate Wall""]","{""category"": ""decoration_blocks""}"
crafting,"[""Deepslate Tiles""]","[""Deepslate Tile Wall""]","{""category"": ""decoration_blocks""}"
crafting,"[""Deepslate Bricks""]","[""Deepslate Brick Wall""]","{""category"": ""decoration_blocks""}"
crafting,"[""Cobbled Deepslate""]","[""Cobbled Deepslate Wall""]","{""category"": ""decoration_blocks""}"
crafting,"[""Wheat"", ""Mud""]","[""Packed Mud""]","{""category"": ""decoration_blocks""}"
crafting,"[""Mud Bricks""]","[""Mud Brick Wall""]","{""category"": ""decoration_blocks""}"
crafting,"[""Mud"", ""Mangrove Roots""]","[""Muddy Mangrove Roots""]","{""category"": ""decoration_blocks""}"
crafting,"[""Chain"", ""Stripped Oak Log""]","[""Oak Hanging Sign""]","{""has_alternatives"": true, ""category"": ""decoration_blocks""}"
crafting,"[""Chain"", ""Stripped Spruce Log""]","[""Spruce Hanging Sign""]","{""has_alternatives"": true, ""category"": ""decoration_blocks""}"
crafting,"[""Stripped Birch Log"", ""Chain""]","[""Birch Hanging Sign""]","{""has_alternatives"": true, ""category"": ""decoration_blocks""}"
crafting,"[""Chain"", ""Stripped Jungle Log""]","[""Jungle Hanging Sign""]","{""has_alternatives"": true, ""category"": ""decoration_blocks""}"
crafting,"[""Stripped Acacia Log"", ""Chain""]","[""Acacia Hanging Sign""]","{""has_alternatives"": true, ""category"": ""decoration_blocks""}"
crafting,"[""Stripped Dark Oak Log"", ""Chain""]","[""Dark Oak Hanging Sign""]","{""has_alternatives"": true, ""category"": ""decoration_blocks""}"
crafting,"[""Stripped Mangrove Log"", ""Chain""]","[""Mangrove Hanging Sign""]","{""has_alternatives"": true, ""category"": ""decoration_blocks""}"
crafting,"[""Stripped Cherry Log"", ""Chain""]","[""Cherry Hanging Sign""]","{""has_alternatives"": true, ""category"": ""decoration_blocks""}"
crafting,"[""Chain"", ""Stripped Pale Oak Log""]","[""Pale Oak Hanging Sign""]","{""has_alternatives"": true, ""category"": ""decoration_blocks""}"
crafting,"[""Block of Stripped Bamboo"", ""Chain""]","[""Bamboo Hanging Sign""]","{""has_alternatives"": true, ""category"": ""decoration_blocks""}"
crafting,"[""Stripped Crimson Stem"", ""Chain""]","[""Crimson Hanging Sign""]","{""has_alternatives"": true, ""category"": ""decoration_blocks""}"
crafting,"[""Chain"", ""Stripped Warped Stem""]","[""Warped Hanging Sign""]","{""has_alternatives"": true, ""category"": ""decoration_blocks""}"
crafting,"[""Angler Pottery Sherd""]","[""Decorated Pot""]","{""has_alternatives"": true, ""category"": ""decoration_blocks""}"
crafting,"[""Arms Up Pottery Sherd""]","[""Decorated Pot""]","{""has_alternatives"": true, ""category"": ""decoration_blocks""}"
crafting,"[""Archer Pottery Sherd""]","[""Decorated Pot""]","{""has_alternatives"": true, ""category"": ""decoration_blocks""}"
crafting,"[""Blade Pottery Sherd""]","[""Decorated Pot""]","{""has_alternatives"": true, ""category"": ""decoration_blocks""}"
crafting,"[""Brewer Pottery Sherd""]","[""Decorated Pot""]","{""has_alternatives"": true, ""category"": ""decoration_blocks""}"
crafting,"[""Burn Pottery Sherd""]","[""Decorated Pot""]","{""has_alternatives"": true, ""category"": ""decoration_blocks""}"
crafting,"[""Danger Pottery Sherd""]","[""Decorated Pot""]","{""has_alternatives"": true, ""category"": ""decoration_blocks""}"
crafting,"[""Explorer Pottery Sherd""]","[""Decorated Pot""]","{""has_alternatives"": true, ""category"": ""decoration_blocks""}"
crafting,"[""Flow Pottery Sherd""]","[""Decorated Pot""]","{""has_alternatives"": true, ""category"": ""decoration_blocks""}"
crafting,"[""Friend Pottery Sherd""]","[""Decorated Pot""]","{""has_alternatives"": true, ""category"": ""decoration_blocks""}"
crafting,"[""Guster Pottery Sherd""]","[""Decorated Pot""]","{""has_alternatives"": true, ""category"": ""decoration_blocks""}"
crafting,"[""Heart Pottery Sherd""]","[""Decorated Pot""]","{""has_alternatives"": true, ""category"": ""decoration_blocks""}"
crafting,"[""Heartbreak Pottery Sherd""]","[""Decorated Pot""]","{""has_alternatives"": true, ""category"": ""decoration_blocks""}"
crafting,"[""Howl Pottery Sherd""]","[""Decorated Pot""]","{""has_alternatives"": true, ""category"": ""decoration_blocks""}"
crafting,"[""Miner Pottery Sherd""]","[""Decorated Pot""]","{""has_alternatives"": true, ""category"": ""decoration_blocks""}"
crafting,"[""Mourner Pottery Sherd""]","[""Decorated Pot""]","{""has_alternatives"": true, ""category"": ""decoration_blocks""}"
crafting,"[""Plenty Pottery Sherd""]","[""Decorated Pot""]","{""has_alternatives"": true, ""category"": ""decoration_blocks""}"
crafting,"[""Prize Pottery Sherd""]","[""Decorated Pot""]","{""has_alternatives"": true, ""category"": ""decoration_blocks""}"
crafting,"[""Scrape Pottery Sherd""]","[""Decorated Pot""]","{""has_alternatives"": true, ""category"": ""decoration_blocks""}"
crafting,"[""Sheaf Pottery Sherd""]","[""Decorated Pot""]","{""has_alternatives"": true, ""category"": ""decoration_blocks""}"
crafting,"[""Shelter Pottery Sherd""]","[""Decorated Pot""]","{""has_alternatives"": true, ""category"": ""decoration_blocks""}"
crafting,"[""Skull Pottery Sherd""]","[""Decorated Pot""]","{""has_alternatives"": true, ""category"": ""decoration_blocks""}"
crafting,"[""Snort Pottery Sherd""]","[""Decorated Pot""]","{""has_alternatives"": true, ""category"": ""decoration_blocks""}"
crafting,"[""Brick""]","[""Decorated Pot""]","{""has_alternatives"": true, ""category"": ""decoration_blocks""}"
crafting,"[""Tuff""]","[""Tuff Wall""]","{""category"": ""decoration_blocks""}"
crafting,"[""Polished Tuff""]","[""Polished Tuff Wall""]","{""category"": ""decoration_blocks""}"
crafting,"[""Tuff Bricks""]","[""Tuff Brick Wall""]","{""category"": ""decoration_blocks""}"
crafting,"[""Stripped Oak Log""]","[""Oak Shelf""]","{""has_alternatives"": true, ""category"": ""decoration_blocks""}"
crafting,"[""Stripped Spruce Log""]","[""Spruce Shelf""]","{""has_alternatives"": true, ""category"": ""decoration_blocks""}"
crafting,"[""Stripped Birch Log""]","[""Birch Shelf""]","{""has_alternatives"": true, ""category"": ""decoration_blocks""}"
crafting,"[""Stripped Jungle Log""]","[""Jungle Shelf""]","{""has_alternatives"": true, ""category"": ""decoration_blocks""}"
crafting,"[""Stripped Acacia Log""]","[""Acacia Shelf""]","{""has_alternatives"": true, ""category"": ""decoration_blocks""}"
crafting,"[""Stripped Dark Oak Log""]","[""Dark Oak Shelf""]","{""has_alternatives"": true, ""category"": ""decoration_blocks""}"
crafting,"[""Stripped Mangrove Log""]","[""Mangrove Shelf""]","{""has_alternatives"": true, ""category"": ""decoration_blocks""}"
crafting,"[""Stripped Cherry Log""]","[""Cherry Shelf""]","{""has_alternatives"": true, ""category"": ""decoration_blocks""}"
crafting,"[""Stripped Pale Oak Log""]","[""Pale Oak Shelf""]","{""has_alternatives"": true, ""category"": ""decoration_blocks""}"
crafting,"[""Block of Stripped Bamboo""]","[""Bamboo Shelf""]","{""has_alternatives"": true, ""category"": ""decoration_blocks""}"
crafting,"[""Stripped Crimson Stem""]","[""Crimson Shelf""]","{""has_alternatives"": true, ""category"": ""decoration_blocks""}"
crafting,"[""Stripped Warped Stem""]","[""Warped Shelf""]","{""has_alternatives"": true, ""category"": ""decoration_blocks""}"
crafting,"[""Pale Oak Log"", ""Block of Resin""]","[""Creaking Heart""]","{""category"": ""decoration_blocks""}"
crafting,"[""Resin Bricks""]","[""Resin Brick Wall""]","{""category"": ""decoration_blocks""}"
crafting,"[""Soul Sand"", ""Ghast Tear""]","[""Dried Ghast""]","{""category"": ""decoration_blocks""}"
crafting,"[""Copper Ingot"", ""Chest""]","[""Copper Chest""]","{""category"": ""decoration_blocks""}"
crafting,"[""Copper Chest"", ""Honeycomb""]","[""Waxed Copper Chest""]","{""has_alternatives"": true, ""category"": ""decoration_blocks""}"
crafting,"[""Honeycomb"", ""Exposed Copper Chest""]","[""Waxed Exposed Copper Chest""]","{""has_alternatives"": true, ""category"": ""decoration_blocks""}"
crafting,"[""Weathered Copper Chest"", ""Honeycomb""]","[""Waxed Weathered Copper Chest""]","{""has_alternatives"": true, ""category"": ""decoration_blocks""}"
crafting,"[""Honeycomb"", ""Oxidized Copper Chest""]","[""Waxed Oxidized Copper Chest""]","{""has_alternatives"": true, ""category"": ""decoration_blocks""}"
crafting,"[""Honeycomb"", ""Copper Golem Statue""]","[""Waxed Copper Golem Statue""]","{""has_alternatives"": true, ""category"": ""decoration_blocks""}"
crafting,"[""Honeycomb"", ""Exposed Copper Golem Statue""]","[""Waxed Exposed Copper Golem Statue""]","{""has_alternatives"": true, ""category"": ""decoration_blocks""}"
crafting,"[""Honeycomb"", ""Weathered Copper Golem Statue""]","[""Waxed Weathered Copper Golem Statue""]","{""has_alternatives"": true, ""category"": ""decoration_blocks""}"
crafting,"[""Oxidized Copper Golem Statue"", ""Honeycomb""]","[""Waxed Oxidized Copper Golem Statue""]","{""has_alternatives"": true, ""category"": ""decoration_blocks""}"
crafting,"[""Stick"", ""Copper Nugget"", ""Coal""]","[""Copper Torch""]","{""has_alternatives"": true, ""category"": ""decoration_blocks""}"
crafting,"[""Charcoal"", ""Stick"", ""Copper Nugget""]","[""Copper Torch""]","{""has_alternatives"": true, ""category"": ""decoration_blocks""}"
crafting,"[""Copper Ingot"", ""Copper Nugget""]","[""Copper Chain""]","{""category"": ""decoration_blocks""}"
crafting,"[""Honeycomb"", ""Copper Chain""]","[""Waxed Copper Chain""]","{""has_alternatives"": true, ""category"": ""decoration_blocks""}"
crafting,"[""Honeycomb"", ""Exposed Copper Chain""]","[""Waxed Exposed Copper Chain""]","{""has_alternatives"": true, ""category"": ""decoration_blocks""}"
crafting,"[""Honeycomb"", ""Weathered Copper Chain""]","[""Waxed Weathered Copper Chain""]","{""has_alternatives"": true, ""category"": ""decoration_blocks""}"
crafting,"[""Honeycomb"", ""Oxidized Copper Chain""]","[""Waxed Oxidized Copper Chain""]","{""has_alternatives"": true, ""category"": ""decoration_blocks""}"
crafting,"[""Copper Ingot""]","[""Copper Bars""]","{""category"": ""decoration_blocks""}"
crafting,"[""Honeycomb"", ""Copper Bars""]","[""Waxed Copper Bars""]","{""has_alternatives"": true, ""category"": ""decoration_blocks""}"
crafting,"[""Honeycomb"", ""Exposed Copper Bars""]","[""Waxed Exposed Copper Bars""]","{""has_alternatives"": true, ""category"": ""decoration_blocks""}"
crafting,"[""Honeycomb"", ""Weathered Copper Bars""]","[""Waxed Weathered Copper Bars""]","{""has_alternatives"": true, ""category"": ""decoration_blocks""}"
crafting,"[""Honeycomb"", ""Oxidized Copper Bars""]","[""Waxed Oxidized Copper Bars""]","{""has_alternatives"": true, ""category"": ""decoration_blocks""}"
crafting,"[""Copper Torch"", ""Copper Nugget""]","[""Copper Lantern""]","{""category"": ""decoration_blocks""}"
crafting,"[""Honeycomb"", ""Copper Lantern""]","[""Waxed Copper Lantern""]","{""has_alternatives"": true, ""category"": ""decoration_blocks""}"
crafting,"[""Honeycomb"", ""Exposed Copper Lantern""]","[""Waxed Exposed Copper Lantern""]","{""has_alternatives"": true, ""category"": ""decoration_blocks""}"
crafting,"[""Honeycomb"", ""Weathered Copper Lantern""]","[""Waxed Weathered Copper Lantern""]","{""has_alternatives"": true, ""category"": ""decoration_blocks""}"
crafting,"[""Oxidized Copper Lantern"", ""Honeycomb""]","[""Waxed Oxidized Copper Lantern""]","{""has_alternatives"": true, ""category"": ""decoration_blocks""}"
crafting,"[""Stick"", ""Cobblestone""]","[""Lever""]","{""category"": ""redstone""}"
crafting,"[""Iron Ingot""]","[""Iron Door""]","{""category"": ""redstone""}"
crafting,"[""Stick"", ""Redstone Dust""]","[""Redstone Torch""]","{""category"": ""redstone""}"
crafting,"[""Block of Redstone""]","[""Redstone Dust""]","{""category"": ""redstone""}"
crafting,"[""Redstone Dust"", ""Oak Planks""]","[""Note Block""]","{""has_alternatives"": true, ""category"": ""redstone""}"
crafting,"[""Spruce Planks"", ""Redstone Dust""]","[""Note Block""]","{""has_alternatives"": true, ""category"": ""redstone""}"
crafting,"[""Redstone Dust"", ""Birch Planks""]","[""Note Block""]","{""has_alternatives"": true, ""category"": ""redstone""}"
crafting,"[""Redstone Dust"", ""Jungle Planks""]","[""Note Block""]","{""has_alternatives"": true, ""category"": ""redstone""}"
crafting,"[""Redstone Dust"", ""Acacia Planks""]","[""Note Block""]","{""has_alternatives"": true, ""category"": ""redstone""}"
crafting,"[""Redstone Dust"", ""Dark Oak Planks""]","[""Note Block""]","{""has_alternatives"": true, ""category"": ""redstone""}"
crafting,"[""Redstone Dust"", ""Mangrove Planks""]","[""Note Block""]","{""has_alternatives"": true, ""category"": ""redstone""}"
crafting,"[""Cherry Planks"", ""Redstone Dust""]","[""Note Block""]","{""has_alternatives"": true, ""category"": ""redstone""}"
crafting,"[""Redstone Dust"", ""Pale Oak Planks""]","[""Note Block""]","{""has_alternatives"": true, ""category"": ""redstone""}"
crafting,"[""Bamboo Planks"", ""Redstone Dust""]","[""Note Block""]","{""has_alternatives"": true, ""category"": ""redstone""}"
crafting,"[""Crimson Planks"", ""Redstone Dust""]","[""Note Block""]","{""has_alternatives"": true, ""category"": ""redstone""}"
crafting,"[""Warped Planks"", ""Redstone Dust""]","[""Note Block""]","{""has_alternatives"": true, ""category"": ""redstone""}"
crafting,"[""Oak Planks""]","[""Oak Pressure Plate""]","{""has_alternatives"": true, ""category"": ""redstone""}"
crafting,"[""Spruce Planks""]","[""Spruce Pressure Plate""]","{""has_alternatives"": true, ""category"": ""redstone""}"
crafting,"[""Birch Planks""]","[""Birch Pressure Plate""]","{""has_alternatives"": true, ""category"": ""redstone""}"
crafting,"[""Jungle Planks""]","[""Jungle Pressure Plate""]","{""has_alternatives"": true, ""category"": ""redstone""}"
crafting,"[""Acacia Planks""]","[""Acacia Pressure Plate""]","{""has_alternatives"": true, ""category"": ""redstone""}"
crafting,"[""Dark Oak Planks""]","[""Dark Oak Pressure Plate""]","{""has_alternatives"": true, ""category"": ""redstone""}"
crafting,"[""Mangrove Planks""]","[""Mangrove Pressure Plate""]","{""has_alternatives"": true, ""category"": ""redstone""}"
crafting,"[""Cherry Planks""]","[""Cherry Pressure Plate""]","{""has_alternatives"": true, ""category"": ""redstone""}"
crafting,"[""Pale Oak Planks""]","[""Pale Oak Pressure Plate""]","{""has_alternatives"": true, ""category"": ""redstone""}"
crafting,"[""Bamboo Planks""]","[""Bamboo Pressure Plate""]","{""has_alternatives"": true, ""category"": ""redstone""}"
crafting,"[""Crimson Planks""]","[""Crimson Pressure Plate""]","{""has_alternatives"": true, ""category"": ""redstone""}"
crafting,"[""Warped Planks""]","[""Warped Pressure Plate""]","{""has_alternatives"": true, ""category"": ""redstone""}"
crafting,"[""Stone""]","[""Stone Pressure Plate""]","{""category"": ""redstone""}"
crafting,"[""Stone""]","[""Stone Button""]","{""category"": ""redstone""}"
crafting,"[""Piston"", ""Slimeball""]","[""Sticky Piston""]","{""category"": ""redstone""}"
crafting,"[""Stick"", ""Oak Planks""]","[""Oak Fence Gate""]","{""has_alternatives"": true, ""category"": ""redstone""}"
crafting,"[""Stick"", ""Spruce Planks""]","[""Spruce Fence Gate""]","{""has_alternatives"": true, ""category"": ""redstone""}"
crafting,"[""Stick"", ""Birch Planks""]","[""Birch Fence Gate""]","{""has_alternatives"": true, ""category"": ""redstone""}"
crafting,"[""Stick"", ""Jungle Planks""]","[""Jungle Fence Gate""]","{""has_alternatives"": true, ""category"": ""redstone""}"
crafting,"[""Stick"", ""Acacia Planks""]","[""Acacia Fence Gate""]","{""has_alternatives"": true, ""category"": ""redstone""}"
crafting,"[""Stick"", ""Dark Oak Planks""]","[""Dark Oak Fence Gate""]","{""has_alternatives"": true, ""category"": ""redstone""}"
crafting,"[""Stick"", ""Mangrove Planks""]","[""Mangrove Fence Gate""]","{""has_alternatives"": true, ""category"": ""redstone""}"
crafting,"[""Cherry Planks"", ""Stick""]","[""Cherry Fence Gate""]","{""has_alternatives"": true, ""category"": ""redstone""}"
crafting,"[""Stick"", ""Pale Oak Planks""]","[""Pale Oak Fence Gate""]","{""has_alternatives"": true, ""category"": ""redstone""}"
crafting,"[""Bamboo Planks"", ""Stick""]","[""Bamboo Fence Gate""]","{""has_alternatives"": true, ""category"": ""redstone""}"
crafting,"[""Crimson Planks"", ""Stick""]","[""Crimson Fence Gate""]","{""has_alternatives"": true, ""category"": ""redstone""}"
crafting,"[""Stick"", ""Warped Planks""]","[""Warped Fence Gate""]","{""has_alternatives"": true, ""category"": ""redstone""}"
crafting,"[""Stick"", ""Oak Planks"", ""Iron Ingot""]","[""Tripwire Hook""]","{""has_alternatives"": true, ""category"": ""redstone""}"
crafting,"[""Stick"", ""Spruce Planks"", ""Iron Ingot""]","[""Tripwire Hook""]","{""has_alternatives"": true, ""category"": ""redstone""}"
crafting,"[""Stick"", ""Birch Planks"", ""Iron Ingot""]","[""Tripwire Hook""]","{""has_alternatives"": true, ""category"": ""redstone""}"
crafting,"[""Stick"", ""Jungle Planks"", ""Iron Ingot""]","[""Tripwire Hook""]","{""has_alternatives"": true, ""category"": ""redstone""}"
crafting,"[""Stick"", ""Acacia Planks"", ""Iron Ingot""]","[""Tripwire Hook""]","{""has_alternatives"": true, ""category"": ""redstone""}"
crafting,"[""Stick"", ""Dark Oak Planks"", ""Iron Ingot""]","[""Tripwire Hook""]","{""has_alternatives"": true, ""category"": ""redstone""}"
crafting,"[""Stick"", ""Mangrove Planks"", ""Iron Ingot""]","[""Tripwire Hook""]","{""has_alternatives"": true, ""category"": ""redstone""}"
crafting,"[""Cherry Planks"", ""Stick"", ""Iron Ingot""]","[""Tripwire Hook""]","{""has_alternatives"": true, ""category"": ""redstone""}"
crafting,"[""Stick"", ""Pale Oak Planks"", ""Iron Ingot""]","[""Tripwire Hook""]","{""has_alternatives"": true, ""category"": ""redstone""}"
crafting,"[""Bamboo Planks"", ""Stick"", ""Iron Ingot""]","[""Tripwire Hook""]","{""has_alternatives"": true, ""category"": ""redstone""}"
crafting,"[""Crimson Planks"", ""Stick"", ""Iron Ingot""]","[""Tripwire Hook""]","{""has_alternatives"": true, ""category"": ""redstone""}"
crafting,"[""Stick"", ""Warped Planks"", ""Iron Ingot""]","[""Tripwire Hook""]","{""has_alternatives"": true, ""category"": ""redstone""}"
crafting,"[""Oak Slab"", ""Bookshelf""]","[""Lectern""]","{""has_alternatives"": true, ""category"": ""redstone""}"
crafting,"[""Spruce Slab"", ""Bookshelf""]","[""Lectern""]","{""has_alternatives"": true, ""category"": ""redstone""}"
crafting,"[""Birch Slab"", ""Bookshelf""]","[""Lectern""]","{""has_alternatives"": true, ""category"": ""redstone""}"
crafting,"[""Jungle Slab"", ""Bookshelf""]","[""Lectern""]","{""has_alternatives"": true, ""category"": ""redstone""}"
crafting,"[""Acacia Slab"", ""Bookshelf""]","[""Lectern""]","{""has_alternatives"": true, ""category"": ""redstone""}"
crafting,"[""Dark Oak Slab"", ""Bookshelf""]","[""Lectern""]","{""has_alternatives"": true, ""category"": ""redstone""}"
crafting,"[""Mangrove Slab"", ""Bookshelf""]","[""Lectern""]","{""has_alternatives"": true, ""category"": ""redstone""}"
crafting,"[""Cherry Slab"", ""Bookshelf""]","[""Lectern""]","{""has_alternatives"": true, ""category"": ""redstone""}"
crafting,"[""Pale Oak Slab"", ""Bookshelf""]","[""Lectern""]","{""has_alternatives"": true, ""category"": ""redstone""}"
crafting,"[""Bookshelf"", ""Bamboo Slab""]","[""Lectern""]","{""has_alternatives"": true, ""category"": ""redstone""}"
crafting,"[""Bookshelf"", ""Crimson Slab""]","[""Lectern""]","{""has_alternatives"": true, ""category"": ""redstone""}"
crafting,"[""Warped Slab"", ""Bookshelf""]","[""Lectern""]","{""has_alternatives"": true, ""category"": ""redstone""}"
crafting,"[""Oak Planks""]","[""Oak Button""]","{""has_alternatives"": true, ""category"": ""redstone""}"
crafting,"[""Spruce Planks""]","[""Spruce Button""]","{""has_alternatives"": true, ""category"": ""redstone""}"
crafting,"[""Birch Planks""]","[""Birch Button""]","{""has_alternatives"": true, ""category"": ""redstone""}"
crafting,"[""Jungle Planks""]","[""Jungle Button""]","{""has_alternatives"": true, ""category"": ""redstone""}"
crafting,"[""Acacia Planks""]","[""Acacia Button""]","{""has_alternatives"": true, ""category"": ""redstone""}"
crafting,"[""Dark Oak Planks""]","[""Dark Oak Button""]","{""has_alternatives"": true, ""category"": ""redstone""}"
crafting,"[""Mangrove Planks""]","[""Mangrove Button""]","{""has_alternatives"": true, ""category"": ""redstone""}"
crafting,"[""Cherry Planks""]","[""Cherry Button""]","{""has_alternatives"": true, ""category"": ""redstone""}"
crafting,"[""Pale Oak Planks""]","[""Pale Oak Button""]","{""has_alternatives"": true, ""category"": ""redstone""}"
crafting,"[""Bamboo Planks""]","[""Bamboo Button""]","{""has_alternatives"": true, ""category"": ""redstone""}"
crafting,"[""Crimson Planks""]","[""Crimson Button""]","{""has_alternatives"": true, ""category"": ""redstone""}"
crafting,"[""Warped Planks""]","[""Warped Button""]","{""has_alternatives"": true, ""category"": ""redstone""}"
crafting,"[""Redstone Dust""]","[""Block of Redstone""]","{""category"": ""redstone""}"
crafting,"[""Tripwire Hook"", ""Chest""]","[""Trapped Chest""]","{""category"": ""redstone""}"
crafting,"[""Chest"", ""Iron Ingot""]","[""Hopper""]","{""category"": ""redstone""}"
crafting,"[""Oak Planks""]","[""Oak Door""]","{""has_alternatives"": true, ""category"": ""redstone""}"
crafting,"[""Spruce Planks""]","[""Spruce Door""]","{""has_alternatives"": true, ""category"": ""redstone""}"
crafting,"[""Birch Planks""]","[""Birch Door""]","{""has_alternatives"": true, ""category"": ""redstone""}"
crafting,"[""Jungle Planks""]","[""Jungle Door""]","{""has_alternatives"": true, ""category"": ""redstone""}"
crafting,"[""Acacia Planks""]","[""Acacia Door""]","{""has_alternatives"": true, ""category"": ""redstone""}"
crafting,"[""Dark Oak Planks""]","[""Dark Oak Door""]","{""has_alternatives"": true, ""category"": ""redstone""}"
crafting,"[""Mangrove Planks""]","[""Mangrove Door""]","{""has_alternatives"": true, ""category"": ""redstone""}"
crafting,"[""Cherry Planks""]","[""Cherry Door""]","{""has_alternatives"": true, ""category"": ""redstone""}"
crafting,"[""Pale Oak Planks""]","[""Pale Oak Door""]","{""has_alternatives"": true, ""category"": ""redstone""}"
crafting,"[""Bamboo Planks""]","[""Bamboo Door""]","{""has_alternatives"": true, ""category"": ""redstone""}"
crafting,"[""Crimson Planks""]","[""Crimson Door""]","{""has_alternatives"": true, ""category"": ""redstone""}"
crafting,"[""Warped Planks""]","[""Warped Door""]","{""has_alternatives"": true, ""category"": ""redstone""}"
crafting,"[""Redstone Dust"", ""Cobblestone""]","[""Dropper""]","{""category"": ""redstone""}"
crafting,"[""Redstone Dust"", ""Bow"", ""Cobblestone""]","[""Dispenser""]","{""category"": ""redstone""}"
crafting,"[""Redstone Dust"", ""Glowstone""]","[""Redstone Lamp""]","{""category"": ""redstone""}"
crafting,"[""Glass"", ""Oak Slab"", ""Nether Quartz""]","[""Daylight Detector""]","{""has_alternatives"": true, ""category"": ""redstone""}"
crafting,"[""Glass"", ""Spruce Slab"", ""Nether Quartz""]","[""Daylight Detector""]","{""has_alternatives"": true, ""category"": ""redstone""}"
crafting,"[""Glass"", ""Birch Slab"", ""Nether Quartz""]","[""Daylight Detector""]","{""has_alternatives"": true, ""category"": ""redstone""}"
crafting,"[""Jungle Slab"", ""Glass"", ""Nether Quartz""]","[""Daylight Detector""]","{""has_alternatives"": true, ""category"": ""redstone""}"
crafting,"[""Glass"", ""Acacia Slab"", ""Nether Quartz""]","[""Daylight Detector""]","{""has_alternatives"": true, ""category"": ""redstone""}"
crafting,"[""Dark Oak Slab"", ""Glass"", ""Nether Quartz""]","[""Daylight Detector""]","{""has_alternatives"": true, ""category"": ""redstone""}"
crafting,"[""Glass"", ""Mangrove Slab"", ""Nether Quartz""]","[""Daylight Detector""]","{""has_alternatives"": true, ""category"": ""redstone""}"
crafting,"[""Glass"", ""Cherry Slab"", ""Nether Quartz""]","[""Daylight Detector""]","{""has_alternatives"": true, ""category"": ""redstone""}"
crafting,"[""Glass"", ""Pale Oak Slab"", ""Nether Quartz""]","[""Daylight Detector""]","{""has_alternatives"": true, ""category"": ""redstone""}"
crafting,"[""Bamboo Slab"", ""Glass"", ""Nether Quartz""]","[""Daylight Detector""]","{""has_alternatives"": true, ""category"": ""redstone""}"
crafting,"[""Crimson Slab"", ""Glass"", ""Nether Quartz""]","[""Daylight Detector""]","{""has_alternatives"": true, ""category"": ""redstone""}"
crafting,"[""Glass"", ""Warped Slab"", ""Nether Quartz""]","[""Daylight Detector""]","{""has_alternatives"": true, ""category"": ""redstone""}"
crafting,"[""Redstone Dust"", ""Iron Ingot"", ""Oak Planks"", ""Cobblestone""]","[""Piston""]","{""has_alternatives"": true, ""category"": ""redstone""}"
crafting,"[""Redstone Dust"", ""Spruce Planks"", ""Iron Ingot"", ""Cobblestone""]","[""Piston""]","{""has_alternatives"": true, ""category"": ""redstone""}"
crafting,"[""Redstone Dust"", ""Iron Ingot"", ""Birch Planks"", ""Cobblestone""]","[""Piston""]","{""has_alternatives"": true, ""category"": ""redstone""}"
crafting,"[""Redstone Dust"", ""Jungle Planks"", ""Iron Ingot"", ""Cobblestone""]","[""Piston""]","{""has_alternatives"": true, ""category"": ""redstone""}"
crafting,"[""Redstone Dust"", ""Iron Ingot"", ""Acacia Planks"", ""Cobblestone""]","[""Piston""]","{""has_alternatives"": true, ""category"": ""redstone""}"
crafting,"[""Redstone Dust"", ""Iron Ingot"", ""Dark Oak Planks"", ""Cobblestone""]","[""Piston""]","{""has_alternatives"": true, ""category"": ""redstone""}"
crafting,"[""Redstone Dust"", ""Iron Ingot"", ""Mangrove Planks"", ""Cobblestone""]","[""Piston""]","{""has_alternatives"": true, ""category"": ""redstone""}"
crafting,"[""Redstone Dust"", ""Cherry Planks"", ""Iron Ingot"", ""Cobblestone""]","[""Piston""]","{""has_alternatives"": true, ""category"": ""redstone""}"
crafting,"[""Redstone Dust"", ""Iron Ingot"", ""Pale Oak Planks"", ""Cobblestone""]","[""Piston""]","{""has_alternatives"": true, ""category"": ""redstone""}"
crafting,"[""Redstone Dust"", ""Bamboo Planks"", ""Iron Ingot"", ""Cobblestone""]","[""Piston""]","{""has_alternatives"": true, ""category"": ""redstone""}"
crafting,"[""Redstone Dust"", ""Iron Ingot"", ""Crimson Planks"", ""Cobblestone""]","[""Piston""]","{""has_alternatives"": true, ""category"": ""redstone""}"
crafting,"[""Redstone Dust"", ""Warped Planks"", ""Iron Ingot"", ""Cobblestone""]","[""Piston""]","{""has_alternatives"": true, ""category"": ""redstone""}"
crafting,"[""Redstone Torch"", ""Redstone Dust"", ""Stone""]","[""Redstone Repeater""]","{""category"": ""redstone""}"
crafting,"[""Redstone Torch"", ""Nether Quartz"", ""Stone""]","[""Redstone Comparator""]","{""category"": ""redstone""}"
crafting,"[""Sand"", ""Gunpowder""]","[""TNT""]","{""has_alternatives"": true, ""category"": ""redstone""}"
crafting,"[""Red Sand"", ""Gunpowder""]","[""TNT""]","{""has_alternatives"": true, ""category"": ""redstone""}"
crafting,"[""Slimeball""]","[""Slime Block""]","{""category"": ""redstone""}"
crafting,"[""Iron Ingot""]","[""Iron Trapdoor""]","{""category"": ""redstone""}"
crafting,"[""Oak Planks""]","[""Oak Trapdoor""]","{""has_alternatives"": true, ""category"": ""redstone""}"
crafting,"[""Spruce Planks""]","[""Spruce Trapdoor""]","{""has_alternatives"": true, ""category"": ""redstone""}"
crafting,"[""Birch Planks""]","[""Birch Trapdoor""]","{""has_alternatives"": true, ""category"": ""redstone""}"
crafting,"[""Jungle Planks""]","[""Jungle Trapdoor""]","{""has_alternatives"": true, ""category"": ""redstone""}"
crafting,"[""Acacia Planks""]","[""Acacia Trapdoor""]","{""has_alternatives"": true, ""category"": ""redstone""}"
crafting,"[""Dark Oak Planks""]","[""Dark Oak Trapdoor""]","{""has_alternatives"": true, ""category"": ""redstone""}"
crafting,"[""Mangrove Planks""]","[""Mangrove Trapdoor""]","{""has_alternatives"": true, ""category"": ""redstone""}"
crafting,"[""Cherry Planks""]","[""Cherry Trapdoor""]","{""has_alternatives"": true, ""category"": ""redstone""}"
crafting,"[""Pale Oak Planks""]","[""Pale Oak Trapdoor""]","{""has_alternatives"": true, ""category"": ""redstone""}"
crafting,"[""Bamboo Planks""]","[""Bamboo Trapdoor""]","{""has_alternatives"": true, ""category"": ""redstone""}"
crafting,"[""Crimson Planks""]","[""Crimson Trapdoor""]","{""has_alternatives"": true, ""category"": ""redstone""}"
crafting,"[""Warped Planks""]","[""Warped Trapdoor""]","{""has_alternatives"": true, ""category"": ""redstone""}"
crafting,"[""Nether Quartz"", ""Redstone Dust"", ""Cobblestone""]","[""Observer""]","{""category"": ""redstone""}"
crafting,"[""Gold Ingot""]","[""Light Weighted Pressure Plate""]","{""category"": ""redstone""}"
crafting,"[""Iron Ingot""]","[""Heavy Weighted Pressure Plate""]","{""category"": ""redstone""}"
crafting,"[""Honey Bottle""]","[""Honey Block""]","{""category"": ""redstone""}"
crafting,"[""Redstone Dust"", ""Hay Bale""]","[""Target""]","{""category"": ""redstone""}"
crafting,"[""Polished Blackstone""]","[""Polished Blackstone Button""]","{""category"": ""redstone""}"
crafting,"[""Polished Blackstone""]","[""Polished Blackstone Pressure Plate""]","{""category"": ""redstone""}"
crafting,"[""Copper Ingot""]","[""Lightning Rod""]","{""category"": ""redstone""}"
crafting,"[""Honeycomb"", ""Lightning Rod""]","[""Waxed Lightning Rod""]","{""has_alternatives"": true, ""category"": ""redstone""}"
crafting,"[""Honeycomb"", ""Exposed Lightning Rod""]","[""Waxed Exposed Lightning Rod""]","{""has_alternatives"": true, ""category"": ""redstone""}"
crafting,"[""Honeycomb"", ""Weathered Lightning Rod""]","[""Waxed Weathered Lightning Rod""]","{""has_alternatives"": true, ""category"": ""redstone""}"
crafting,"[""Honeycomb"", ""Oxidized Lightning Rod""]","[""Waxed Oxidized Lightning Rod""]","{""has_alternatives"": true, ""category"": ""redstone""}"
crafting,"[""Sculk Sensor"", ""Amethyst Shard""]","[""Calibrated Sculk Sensor""]","{""category"": ""redstone""}"
crafting,"[""Redstone Dust"", ""Dropper"", ""Crafting Table"", ""Iron Ingot""]","[""Crafter""]","{""category"": ""redstone""}"
crafting,"[""Blaze Rod"", ""Redstone Dust"", ""Block of Copper""]","[""Copper Bulb""]","{""has_alternatives"": true, ""category"": ""redstone""}"
crafting,"[""Blaze Rod"", ""Redstone Dust"", ""Exposed Copper""]","[""Exposed Copper Bulb""]","{""has_alternatives"": true, ""category"": ""redstone""}"
crafting,"[""Blaze Rod"", ""Redstone Dust"", ""Weathered Copper""]","[""Weathered Copper Bulb""]","{""has_alternatives"": true, ""category"": ""redstone""}"
crafting,"[""Blaze Rod"", ""Redstone Dust"", ""Oxidized Copper""]","[""Oxidized Copper Bulb""]","{""has_alternatives"": true, ""category"": ""redstone""}"
crafting,"[""Blaze Rod"", ""Waxed Block of Copper"", ""Redstone Dust""]","[""Waxed Copper Bulb""]","{""has_alternatives"": true, ""category"": ""redstone""}"
crafting,"[""Blaze Rod"", ""Waxed Exposed Copper"", ""Redstone Dust""]","[""Waxed Exposed Copper Bulb""]","{""has_alternatives"": true, ""category"": ""redstone""}"
crafting,"[""Blaze Rod"", ""Redstone Dust"", ""Waxed Weathered Copper""]","[""Waxed Weathered Copper Bulb""]","{""has_alternatives"": true, ""category"": ""redstone""}"
crafting,"[""Blaze Rod"", ""Redstone Dust"", ""Waxed Oxidized Copper""]","[""Waxed Oxidized Copper Bulb""]","{""has_alternatives"": true, ""category"": ""redstone""}"
crafting,"[""Honeycomb"", ""Copper Bulb""]","[""Waxed Copper Bulb""]","{""has_alternatives"": true, ""category"": ""redstone""}"
crafting,"[""Honeycomb"", ""Exposed Copper Bulb""]","[""Waxed Exposed Copper Bulb""]","{""has_alternatives"": true, ""category"": ""redstone""}"
crafting,"[""Honeycomb"", ""Weathered Copper Bulb""]","[""Waxed Weathered Copper Bulb""]","{""has_alternatives"": true, ""category"": ""redstone""}"
crafting,"[""Honeycomb"", ""Oxidized Copper Bulb""]","[""Waxed Oxidized Copper Bulb""]","{""has_alternatives"": true, ""category"": ""redstone""}"
crafting,"[""Copper Ingot""]","[""Copper Door""]","{""category"": ""redstone""}"
crafting,"[""Copper Door"", ""Honeycomb""]","[""Waxed Copper Door""]","{""has_alternatives"": true, ""category"": ""redstone""}"
crafting,"[""Honeycomb"", ""Exposed Copper Door""]","[""Waxed Exposed Copper Door""]","{""has_alternatives"": true, ""category"": ""redstone""}"
crafting,"[""Honeycomb"", ""Weathered Copper Door""]","[""Waxed Weathered Copper Door""]","{""has_alternatives"": true, ""category"": ""redstone""}"
crafting,"[""Honeycomb"", ""Oxidized Copper Door""]","[""Waxed Oxidized Copper Door""]","{""has_alternatives"": true, ""category"": ""redstone""}"
crafting,"[""Copper Ingot""]","[""Copper Trapdoor""]","{""category"": ""redstone""}"
crafting,"[""Honeycomb"", ""Copper Trapdoor""]","[""Waxed Copper Trapdoor""]","{""has_alternatives"": true, ""category"": ""redstone""}"
crafting,"[""Honeycomb"", ""Exposed Copper Trapdoor""]","[""Waxed Exposed Copper Trapdoor""]","{""has_alternatives"": true, ""category"": ""redstone""}"
crafting,"[""Honeycomb"", ""Weathered Copper Trapdoor""]","[""Waxed Weathered Copper Trapdoor""]","{""has_alternatives"": true, ""category"": ""redstone""}"
crafting,"[""Honeycomb"", ""Oxidized Copper Trapdoor""]","[""Waxed Oxidized Copper Trapdoor""]","{""has_alternatives"": true, ""category"": ""redstone""}"
crafting,"[""Iron Ingot""]","[""Minecart""]","{""category"": ""transportation""}"
crafting,"[""Stick"", ""Iron Ingot""]","[""Rail""]","{""category"": ""transportation""}"
crafting,"[""Furnace"", ""Minecart""]","[""Minecart with Furnace""]","{""category"": ""transportation""}"
crafting,"[""Minecart"", ""Chest""]","[""Minecart with Chest""]","{""category"": ""transportation""}"
crafting,"[""Redstone Dust"", ""Stick"", ""Gold Ingot""]","[""Powered Rail""]","{""category"": ""transportation""}"
crafting,"[""Redstone Dust"", ""Stone Pressure Plate"", ""Iron Ingot""]","[""Detector Rail""]","{""category"": ""transportation""}"
crafting,"[""TNT"", ""Minecart""]","[""Minecart with TNT""]","{""category"": ""transportation""}"
crafting,"[""Redstone Torch"", ""Stick"", ""Iron Ingot""]","[""Activator Rail""]","{""category"": ""transportation""}"
crafting,"[""Hopper"", ""Minecart""]","[""Minecart with Hopper""]","{""category"": ""transportation""}"
crafting,"[""Oak Planks""]","[""Oak Boat""]","{""has_alternatives"": true, ""category"": ""transportation""}"
crafting,"[""Spruce Planks""]","[""Spruce Boat""]","{""has_alternatives"": true, ""category"": ""transportation""}"
crafting,"[""Birch Planks""]","[""Birch Boat""]","{""has_alternatives"": true, ""category"": ""transportation""}"
crafting,"[""Jungle Planks""]","[""Jungle Boat""]","{""has_alternatives"": true, ""category"": ""transportation""}"
crafting,"[""Acacia Planks""]","[""Acacia Boat""]","{""has_alternatives"": true, ""category"": ""transportation""}"
crafting,"[""Dark Oak Planks""]","[""Dark Oak Boat""]","{""has_alternatives"": true, ""category"": ""transportation""}"
crafting,"[""Mangrove Planks""]","[""Mangrove Boat""]","{""has_alternatives"": true, ""category"": ""transportation""}"
crafting,"[""Cherry Planks""]","[""Cherry Boat""]","{""has_alternatives"": true, ""category"": ""transportation""}"
crafting,"[""Pale Oak Planks""]","[""Pale Oak Boat""]","{""has_alternatives"": true, ""category"": ""transportation""}"
crafting,"[""Bamboo Planks""]","[""Bamboo Raft""]","{""has_alternatives"": true, ""category"": ""transportation""}"
crafting,"[""Oak Boat"", ""Chest""]","[""Oak Boat with Chest""]","{""has_alternatives"": true, ""category"": ""transportation""}"
crafting,"[""Chest"", ""Spruce Boat""]","[""Spruce Boat with Chest""]","{""has_alternatives"": true, ""category"": ""transportation""}"
crafting,"[""Birch Boat"", ""Chest""]","[""Birch Boat with Chest""]","{""has_alternatives"": true, ""category"": ""transportation""}"
crafting,"[""Jungle Boat"", ""Chest""]","[""Jungle Boat with Chest""]","{""has_alternatives"": true, ""category"": ""transportation""}"
crafting,"[""Acacia Boat"", ""Chest""]","[""Acacia Boat with Chest""]","{""has_alternatives"": true, ""category"": ""transportation""}"
crafting,"[""Dark Oak Boat"", ""Chest""]","[""Dark Oak Boat with Chest""]","{""has_alternatives"": true, ""category"": ""transportation""}"
crafting,"[""Mangrove Boat"", ""Chest""]","[""Mangrove Boat with Chest""]","{""has_alternatives"": true, ""category"": ""transportation""}"
crafting,"[""Cherry Boat"", ""Chest""]","[""Cherry Boat with Chest""]","{""has_alternatives"": true, ""category"": ""transportation""}"
crafting,"[""Pale Oak Boat"", ""Chest""]","[""Pale Oak Boat with Chest""]","{""has_alternatives"": true, ""category"": ""transportation""}"
crafting,"[""Chest"", ""Bamboo Raft""]","[""Bamboo Raft with Chest""]","{""has_alternatives"": true, ""category"": ""transportation""}"
crafting,"[""Wheat""]","[""Bread""]","{""category"": ""foodstuffs""}"
crafting,"[""Bowl"", ""Brown Mushroom"", ""Red Mushroom""]","[""Mushroom Stew""]","{""category"": ""foodstuffs""}"
crafting,"[""Gold Ingot"", ""Apple""]","[""Golden Apple""]","{""category"": ""foodstuffs""}"
crafting,"[""Cocoa Beans"", ""Wheat""]","[""Cookie""]","{""category"": ""foodstuffs""}"
crafting,"[""Gold Nugget"", ""Carrot""]","[""Golden Carrot""]","{""category"": ""foodstuffs""}"
crafting,"[""Egg"", ""Pumpkin"", ""Sugar""]","[""Pumpkin Pie""]","{""has_alternatives"": true, ""category"": ""foodstuffs""}"
crafting,"[""Pumpkin"", ""Sugar"", ""Blue Egg""]","[""Pumpkin Pie""]","{""has_alternatives"": true, ""category"": ""foodstuffs""}"
crafting,"[""Pumpkin"", ""Sugar"", ""Brown Egg""]","[""Pumpkin Pie""]","{""has_alternatives"": true, ""category"": ""foodstuffs""}"
crafting,"[""Egg"", ""Sugar"", ""Wheat"", ""Milk Bucket""]","[""Cake""]","{""has_alternatives"": true, ""category"": ""foodstuffs""}"
crafting,"[""Sugar"", ""Wheat"", ""Blue Egg"", ""Milk Bucket""]","[""Cake""]","{""has_alternatives"": true, ""category"": ""foodstuffs""}"
crafting,"[""Sugar"", ""Wheat"", ""Brown Egg"", ""Milk Bucket""]","[""Cake""]","{""has_alternatives"": true, ""category"": ""foodstuffs""}"
crafting,"[""Beetroot"", ""Bowl""]","[""Beetroot Soup""]","{""category"": ""foodstuffs""}"
crafting,"[""Red Mushroom"", ""Cooked Rabbit"", ""Bowl"", ""Carrot"", ""Baked Potato""]","[""Rabbit Stew""]","{""has_alternatives"": true, ""category"": ""foodstuffs""}"
crafting,"[""Cooked Rabbit"", ""Bowl"", ""Brown Mushroom"", ""Carrot"", ""Baked Potato""]","[""Rabbit Stew""]","{""has_alternatives"": true, ""category"": ""foodstuffs""}"
crafting,"[""Dried Kelp Block""]","[""Dried Kelp""]","{""category"": ""foodstuffs""}"
crafting,"[""Oxeye Daisy"", ""Bowl"", ""Brown Mushroom"", ""Red Mushroom""]","[""Suspicious Stew""]","{""has_alternatives"": true, ""category"": ""foodstuffs""}"
crafting,"[""Cornflower"", ""Bowl"", ""Brown Mushroom"", ""Red Mushroom""]","[""Suspicious Stew""]","{""has_alternatives"": true, ""category"": ""foodstuffs""}"
crafting,"[""Lily of the Valley"", ""Bowl"", ""Brown Mushroom"", ""Red Mushroom""]","[""Suspicious Stew""]","{""has_alternatives"": true, ""category"": ""foodstuffs""}"
crafting,"[""Wither Rose"", ""Bowl"", ""Brown Mushroom"", ""Red Mushroom""]","[""Suspicious Stew""]","{""has_alternatives"": true, ""category"": ""foodstuffs""}"
crafting,"[""Red Tulip"", ""Bowl"", ""Brown Mushroom"", ""Red Mushroom""]","[""Suspicious Stew""]","{""has_alternatives"": true, ""category"": ""foodstuffs""}"
crafting,"[""Orange Tulip"", ""Bowl"", ""Brown Mushroom"", ""Red Mushroom""]","[""Suspicious Stew""]","{""has_alternatives"": true, ""category"": ""foodstuffs""}"
crafting,"[""White Tulip"", ""Bowl"", ""Brown Mushroom"", ""Red Mushroom""]","[""Suspicious Stew""]","{""has_alternatives"": true, ""category"": ""foodstuffs""}"
crafting,"[""Pink Tulip"", ""Bowl"", ""Brown Mushroom"", ""Red Mushroom""]","[""Suspicious Stew""]","{""has_alternatives"": true, ""category"": ""foodstuffs""}"
crafting,"[""Azure Bluet"", ""Bowl"", ""Brown Mushroom"", ""Red Mushroom""]","[""Suspicious Stew""]","{""has_alternatives"": true, ""category"": ""foodstuffs""}"
crafting,"[""Allium"", ""Bowl"", ""Brown Mushroom"", ""Red Mushroom""]","[""Suspicious Stew""]","{""has_alternatives"": true, ""category"": ""foodstuffs""}"
crafting,"[""Blue Orchid"", ""Bowl"", ""Brown Mushroom"", ""Red Mushroom""]","[""Suspicious Stew""]","{""has_alternatives"": true, ""category"": ""foodstuffs""}"
crafting,"[""Poppy"", ""Bowl"", ""Brown Mushroom"", ""Red Mushroom""]","[""Suspicious Stew""]","{""has_alternatives"": true, ""category"": ""foodstuffs""}"
crafting,"[""Dandelion"", ""Bowl"", ""Brown Mushroom"", ""Red Mushroom""]","[""Suspicious Stew""]","{""has_alternatives"": true, ""category"": ""foodstuffs""}"
crafting,"[""Torchflower"", ""Bowl"", ""Brown Mushroom"", ""Red Mushroom""]","[""Suspicious Stew""]","{""has_alternatives"": true, ""category"": ""foodstuffs""}"
crafting,"[""Closed Eyeblossom"", ""Bowl"", ""Brown Mushroom"", ""Red Mushroom""]","[""Suspicious Stew""]","{""has_alternatives"": true, ""category"": ""foodstuffs""}"
crafting,"[""Open Eyeblossom"", ""Bowl"", ""Brown Mushroom"", ""Red Mushroom""]","[""Suspicious Stew""]","{""has_alternatives"": true, ""category"": ""foodstuffs""}"
crafting,"[""Glass Bottle"", ""Honey Block""]","[""Honey Bottle""]","{""category"": ""foodstuffs""}"
crafting,"[""Flint"", ""Iron Ingot""]","[""Flint and Steel""]","{""category"": ""tools""}"
crafting,"[""Stick"", ""Oak Planks""]","[""Wooden Pickaxe""]","{""has_alternatives"": true, ""category"": ""tools""}"
crafting,"[""Stick"", ""Spruce Planks""]","[""Wooden Pickaxe""]","{""has_alternatives"": true, ""category"": ""tools""}"
crafting,"[""Stick"", ""Birch Planks""]","[""Wooden Pickaxe""]","{""has_alternatives"": true, ""category"": ""tools""}"
crafting,"[""Stick"", ""Jungle Planks""]","[""Wooden Pickaxe""]","{""has_alternatives"": true, ""category"": ""tools""}"
crafting,"[""Stick"", ""Acacia Planks""]","[""Wooden Pickaxe""]","{""has_alternatives"": true, ""category"": ""tools""}"
crafting,"[""Stick"", ""Dark Oak Planks""]","[""Wooden Pickaxe""]","{""has_alternatives"": true, ""category"": ""tools""}"
crafting,"[""Stick"", ""Mangrove Planks""]","[""Wooden Pickaxe""]","{""has_alternatives"": true, ""category"": ""tools""}"
crafting,"[""Cherry Planks"", ""Stick""]","[""Wooden Pickaxe""]","{""has_alternatives"": true, ""category"": ""tools""}"
crafting,"[""Stick"", ""Pale Oak Planks""]","[""Wooden Pickaxe""]","{""has_alternatives"": true, ""category"": ""tools""}"
crafting,"[""Bamboo Planks"", ""Stick""]","[""Wooden Pickaxe""]","{""has_alternatives"": true, ""category"": ""tools""}"
crafting,"[""Crimson Planks"", ""Stick""]","[""Wooden Pickaxe""]","{""has_alternatives"": true, ""category"": ""tools""}"
crafting,"[""Stick"", ""Warped Planks""]","[""Wooden Pickaxe""]","{""has_alternatives"": true, ""category"": ""tools""}"
crafting,"[""Stick"", ""Gold Ingot""]","[""Wooden Pickaxe""]","{""has_alternatives"": true, ""category"": ""tools""}"
crafting,"[""Stick"", ""Cobblestone""]","[""Wooden Pickaxe""]","{""has_alternatives"": true, ""category"": ""tools""}"
crafting,"[""Blackstone"", ""Stick""]","[""Wooden Pickaxe""]","{""has_alternatives"": true, ""category"": ""tools""}"
crafting,"[""Stick"", ""Cobbled Deepslate""]","[""Wooden Pickaxe""]","{""has_alternatives"": true, ""category"": ""tools""}"
crafting,"[""Copper Ingot"", ""Stick""]","[""Wooden Pickaxe""]","{""has_alternatives"": true, ""category"": ""tools""}"
crafting,"[""Stick"", ""Iron Ingot""]","[""Wooden Pickaxe""]","{""has_alternatives"": true, ""category"": ""tools""}"
crafting,"[""Stick"", ""Diamond""]","[""Wooden Pickaxe""]","{""has_alternatives"": true, ""category"": ""tools""}"
crafting,"[""Stick"", ""Oak Planks""]","[""Wooden Hoe""]","{""has_alternatives"": true, ""category"": ""tools""}"
crafting,"[""Stick"", ""Spruce Planks""]","[""Wooden Hoe""]","{""has_alternatives"": true, ""category"": ""tools""}"
crafting,"[""Stick"", ""Birch Planks""]","[""Wooden Hoe""]","{""has_alternatives"": true, ""category"": ""tools""}"
crafting,"[""Stick"", ""Jungle Planks""]","[""Wooden Hoe""]","{""has_alternatives"": true, ""category"": ""tools""}"
crafting,"[""Stick"", ""Acacia Planks""]","[""Wooden Hoe""]","{""has_alternatives"": true, ""category"": ""tools""}"
crafting,"[""Stick"", ""Dark Oak Planks""]","[""Wooden Hoe""]","{""has_alternatives"": true, ""category"": ""tools""}"
crafting,"[""Stick"", ""Mangrove Planks""]","[""Wooden Hoe""]","{""has_alternatives"": true, ""category"": ""tools""}"
crafting,"[""Cherry Planks"", ""Stick""]","[""Wooden Hoe""]","{""has_alternatives"": true, ""category"": ""tools""}"
crafting,"[""Stick"", ""Pale Oak Planks""]","[""Wooden Hoe""]","{""has_alternatives"": true, ""category"": ""tools""}"
crafting,"[""Bamboo Planks"", ""Stick""]","[""Wooden Hoe""]","{""has_alternatives"": true, ""category"": ""tools""}"
crafting,"[""Crimson Planks"", ""Stick""]","[""Wooden Hoe""]","{""has_alternatives"": true, ""category"": ""tools""}"
crafting,"[""Stick"", ""Warped Planks""]","[""Wooden Hoe""]","{""has_alternatives"": true, ""category"": ""tools""}"
crafting,"[""Stick"", ""Gold Ingot""]","[""Wooden Hoe""]","{""has_alternatives"": true, ""category"": ""tools""}"
crafting,"[""Stick"", ""Cobblestone""]","[""Wooden Hoe""]","{""has_alternatives"": true, ""category"": ""tools""}"
crafting,"[""Blackstone"", ""Stick""]","[""Wooden Hoe""]","{""has_alternatives"": true, ""category"": ""tools""}"
crafting,"[""Stick"", ""Cobbled Deepslate""]","[""Wooden Hoe""]","{""has_alternatives"": true, ""category"": ""tools""}"
crafting,"[""Copper Ingot"", ""Stick""]","[""Wooden Hoe""]","{""has_alternatives"": true, ""category"": ""tools""}"
crafting,"[""Stick"", ""Iron Ingot""]","[""Wooden Hoe""]","{""has_alternatives"": true, ""category"": ""tools""}"
crafting,"[""Stick"", ""Diamond""]","[""Wooden Hoe""]","{""has_alternatives"": true, ""category"": ""tools""}"
crafting,"[""Stick"", ""Oak Planks""]","[""Wooden Axe""]","{""has_alternatives"": true, ""category"": ""tools""}"
crafting,"[""Stick"", ""Spruce Planks""]","[""Wooden Axe""]","{""has_alternatives"": true, ""category"": ""tools""}"
crafting,"[""Stick"", ""Birch Planks""]","[""Wooden Axe""]","{""has_alternatives"": true, ""category"": ""tools""}"
crafting,"[""Stick"", ""Jungle Planks""]","[""Wooden Axe""]","{""has_alternatives"": true, ""category"": ""tools""}"
crafting,"[""Stick"", ""Acacia Planks""]","[""Wooden Axe""]","{""has_alternatives"": true, ""category"": ""tools""}"
crafting,"[""Stick"", ""Dark Oak Planks""]","[""Wooden Axe""]","{""has_alternatives"": true, ""category"": ""tools""}"
crafting,"[""Stick"", ""Mangrove Planks""]","[""Wooden Axe""]","{""has_alternatives"": true, ""category"": ""tools""}"
crafting,"[""Cherry Planks"", ""Stick""]","[""Wooden Axe""]","{""has_alternatives"": true, ""category"": ""tools""}"
crafting,"[""Stick"", ""Pale Oak Planks""]","[""Wooden Axe""]","{""has_alternatives"": true, ""category"": ""tools""}"
crafting,"[""Bamboo Planks"", ""Stick""]","[""Wooden Axe""]","{""has_alternatives"": true, ""category"": ""tools""}"
crafting,"[""Crimson Planks"", ""Stick""]","[""Wooden Axe""]","{""has_alternatives"": true, ""category"": ""tools""}"
crafting,"[""Stick"", ""Warped Planks""]","[""Wooden Axe""]","{""has_alternatives"": true, ""category"": ""tools""}"
crafting,"[""Stick"", ""Gold Ingot""]","[""Wooden Axe""]","{""has_alternatives"": true, ""category"": ""tools""}"
crafting,"[""Stick"", ""Cobblestone""]","[""Wooden Axe""]","{""has_alternatives"": true, ""category"": ""tools""}"
crafting,"[""Blackstone"", ""Stick""]","[""Wooden Axe""]","{""has_alternatives"": true, ""category"": ""tools""}"
crafting,"[""Stick"", ""Cobbled Deepslate""]","[""Wooden Axe""]","{""has_alternatives"": true, ""category"": ""tools""}"
crafting,"[""Copper Ingot"", ""Stick""]","[""Wooden Axe""]","{""has_alternatives"": true, ""category"": ""tools""}"
crafting,"[""Stick"", ""Iron Ingot""]","[""Wooden Axe""]","{""has_alternatives"": true, ""category"": ""tools""}"
crafting,"[""Stick"", ""Diamond""]","[""Wooden Axe""]","{""has_alternatives"": true, ""category"": ""tools""}"
crafting,"[""Stick"", ""Oak Planks""]","[""Wooden Shovel""]","{""has_alternatives"": true, ""category"": ""tools""}"
crafting,"[""Stick"", ""Spruce Planks""]","[""Wooden Shovel""]","{""has_alternatives"": true, ""category"": ""tools""}"
crafting,"[""Stick"", ""Birch Planks""]","[""Wooden Shovel""]","{""has_alternatives"": true, ""category"": ""tools""}"
crafting,"[""Stick"", ""Jungle Planks""]","[""Wooden Shovel""]","{""has_alternatives"": true, ""category"": ""tools""}"
crafting,"[""Stick"", ""Acacia Planks""]","[""Wooden Shovel""]","{""has_alternatives"": true, ""category"": ""tools""}"
crafting,"[""Stick"", ""Dark Oak Planks""]","[""Wooden Shovel""]","{""has_alternatives"": true, ""category"": ""tools""}"
crafting,"[""Stick"", ""Mangrove Planks""]","[""Wooden Shovel""]","{""has_alternatives"": true, ""category"": ""tools""}"
crafting,"[""Cherry Planks"", ""Stick""]","[""Wooden Shovel""]","{""has_alternatives"": true, ""category"": ""tools""}"
crafting,"[""Stick"", ""Pale Oak Planks""]","[""Wooden Shovel""]","{""has_alternatives"": true, ""category"": ""tools""}"
crafting,"[""Bamboo Planks"", ""Stick""]","[""Wooden Shovel""]","{""has_alternatives"": true, ""category"": ""tools""}"
crafting,"[""Crimson Planks"", ""Stick""]","[""Wooden Shovel""]","{""has_alternatives"": true, ""category"": ""tools""}"
crafting,"[""Stick"", ""Warped Planks""]","[""Wooden Shovel""]","{""has_alternatives"": true, ""category"": ""tools""}"
crafting,"[""Stick"", ""Gold Ingot""]","[""Wooden Shovel""]","{""has_alternatives"": true, ""category"": ""tools""}"
crafting,"[""Stick"", ""Cobblestone""]","[""Wooden Shovel""]","{""has_alternatives"": true, ""category"": ""tools""}"
crafting,"[""Blackstone"", ""Stick""]","[""Wooden Shovel""]","{""has_alternatives"": true, ""category"": ""tools""}"
crafting,"[""Stick"", ""Cobbled Deepslate""]","[""Wooden Shovel""]","{""has_alternatives"": true, ""category"": ""tools""}"
crafting,"[""Copper Ingot"", ""Stick""]","[""Wooden Shovel""]","{""has_alternatives"": true, ""category"": ""tools""}"
crafting,"[""Stick"", ""Iron Ingot""]","[""Wooden Shovel""]","{""has_alternatives"": true, ""category"": ""tools""}"
crafting,"[""Stick"", ""Diamond""]","[""Wooden Shovel""]","{""has_alternatives"": true, ""category"": ""tools""}"
crafting,"[""String"", ""Stick""]","[""Fishing Rod""]","{""category"": ""tools""}"
crafting,"[""Iron Ingot""]","[""Shears""]","{""category"": ""tools""}"
crafting,"[""Fishing Rod"", ""Carrot""]","[""Carrot on a Stick""]","{""has_alternatives"": true, ""category"": ""tools""}"
crafting,"[""Warped Fungus"", ""Fishing Rod""]","[""Warped Fungus on a Stick""]","{""has_alternatives"": true, ""category"": ""tools""}"
crafting,"[""Copper Ingot"", ""Stick"", ""Feather""]","[""Brush""]","{""category"": ""tools""}"
crafting,"[""Leather"", ""Iron Ingot""]","[""Saddle""]","{""category"": ""utilities""}"
crafting,"[""Iron Ingot""]","[""Bucket""]","{""category"": ""utilities""}"
crafting,"[""Redstone Dust"", ""Iron Ingot""]","[""Compass""]","{""category"": ""utilities""}"
crafting,"[""Redstone Dust"", ""Gold Ingot""]","[""Clock""]","{""category"": ""utilities""}"
crafting,"[""String"", ""Leather""]","[""Bundle""]","{""category"": ""utilities""}"
crafting,"[""White Dye"", ""White Bundle""]","[""White Bundle""]","{""has_alternatives"": true, ""category"": ""utilities""}"
crafting,"[""Light Gray Bundle"", ""Light Gray Dye""]","[""Light Gray Bundle""]","{""has_alternatives"": true, ""category"": ""utilities""}"
crafting,"[""Gray Bundle"", ""Gray Dye""]","[""Gray Bundle""]","{""has_alternatives"": true, ""category"": ""utilities""}"
crafting,"[""Black Dye"", ""Black Bundle""]","[""Black Bundle""]","{""has_alternatives"": true, ""category"": ""utilities""}"
crafting,"[""Brown Bundle"", ""Brown Dye""]","[""Brown Bundle""]","{""has_alternatives"": true, ""category"": ""utilities""}"
crafting,"[""Red Dye"", ""Red Bundle""]","[""Red Bundle""]","{""has_alternatives"": true, ""category"": ""utilities""}"
crafting,"[""Orange Dye"", ""Orange Bundle""]","[""Orange Bundle""]","{""has_alternatives"": true, ""category"": ""utilities""}"
crafting,"[""Yellow Dye"", ""Yellow Bundle""]","[""Yellow Bundle""]","{""has_alternatives"": true, ""category"": ""utilities""}"
crafting,"[""Lime Bundle"", ""Lime Dye""]","[""Lime Bundle""]","{""has_alternatives"": true, ""category"": ""utilities""}"
crafting,"[""Green Dye"", ""Green Bundle""]","[""Green Bundle""]","{""has_alternatives"": true, ""category"": ""utilities""}"
crafting,"[""Cyan Bundle"", ""Cyan Dye""]","[""Cyan Bundle""]","{""has_alternatives"": true, ""category"": ""utilities""}"
crafting,"[""Light Blue Bundle"", ""Light Blue Dye""]","[""Light Blue Bundle""]","{""has_alternatives"": true, ""category"": ""utilities""}"
crafting,"[""Blue Bundle"", ""Blue Dye""]","[""Blue Bundle""]","{""has_alternatives"": true, ""category"": ""utilities""}"
crafting,"[""Purple Bundle"", ""Purple Dye""]","[""Purple Bundle""]","{""has_alternatives"": true, ""category"": ""utilities""}"
crafting,"[""Magenta Dye"", ""Magenta Bundle""]","[""Magenta Bundle""]","{""has_alternatives"": true, ""category"": ""utilities""}"
crafting,"[""Pink Bundle"", ""Pink Dye""]","[""Pink Bundle""]","{""has_alternatives"": true, ""category"": ""utilities""}"
crafting,"[""Copper Ingot"", ""Amethyst Shard""]","[""Spyglass""]","{""category"": ""utilities""}"
crafting,"[""Compass"", ""Echo Shard""]","[""Recovery Compass""]","{""category"": ""utilities""}"
crafting,"[""White Wool"", ""Glass"", ""Leather""]","[""White Harness""]","{""has_alternatives"": true, ""category"": ""utilities""}"
crafting,"[""Glass"", ""Leather"", ""Light Gray Wool""]","[""Light Gray Harness""]","{""has_alternatives"": true, ""category"": ""utilities""}"
crafting,"[""Glass"", ""Leather"", ""Gray Wool""]","[""Gray Harness""]","{""has_alternatives"": true, ""category"": ""utilities""}"
crafting,"[""Glass"", ""Leather"", ""Black Wool""]","[""Black Harness""]","{""has_alternatives"": true, ""category"": ""utilities""}"
crafting,"[""Glass"", ""Leather"", ""Brown Wool""]","[""Brown Harness""]","{""has_alternatives"": true, ""category"": ""utilities""}"
crafting,"[""Glass"", ""Leather"", ""Red Wool""]","[""Red Harness""]","{""has_alternatives"": true, ""category"": ""utilities""}"
crafting,"[""Orange Wool"", ""Glass"", ""Leather""]","[""Orange Harness""]","{""has_alternatives"": true, ""category"": ""utilities""}"
crafting,"[""Glass"", ""Leather"", ""Yellow Wool""]","[""Yellow Harness""]","{""has_alternatives"": true, ""category"": ""utilities""}"
crafting,"[""Glass"", ""Leather"", ""Lime Wool""]","[""Lime Harness""]","{""has_alternatives"": true, ""category"": ""utilities""}"
crafting,"[""Green Wool"", ""Glass"", ""Leather""]","[""Green Harness""]","{""has_alternatives"": true, ""category"": ""utilities""}"
crafting,"[""Glass"", ""Leather"", ""Cyan Wool""]","[""Cyan Harness""]","{""has_alternatives"": true, ""category"": ""utilities""}"
crafting,"[""Light Blue Wool"", ""Glass"", ""Leather""]","[""Light Blue Harness""]","{""has_alternatives"": true, ""category"": ""utilities""}"
crafting,"[""Glass"", ""Leather"", ""Blue Wool""]","[""Blue Harness""]","{""has_alternatives"": true, ""category"": ""utilities""}"
crafting,"[""Glass"", ""Leather"", ""Purple Wool""]","[""Purple Harness""]","{""has_alternatives"": true, ""category"": ""utilities""}"
crafting,"[""Glass"", ""Leather"", ""Magenta Wool""]","[""Magenta Harness""]","{""has_alternatives"": true, ""category"": ""utilities""}"
crafting,"[""Glass"", ""Leather"", ""Pink Wool""]","[""Pink Harness""]","{""has_alternatives"": true, ""category"": ""utilities""}"
crafting,"[""White Harness"", ""White Dye""]","[""White Harness""]","{""has_alternatives"": true, ""category"": ""utilities""}"
crafting,"[""Light Gray Harness"", ""Light Gray Dye""]","[""Light Gray Harness""]","{""has_alternatives"": true, ""category"": ""utilities""}"
crafting,"[""Gray Harness"", ""Gray Dye""]","[""Gray Harness""]","{""has_alternatives"": true, ""category"": ""utilities""}"
crafting,"[""Black Harness"", ""Black Dye""]","[""Black Harness""]","{""has_alternatives"": true, ""category"": ""utilities""}"
crafting,"[""Brown Harness"", ""Brown Dye""]","[""Brown Harness""]","{""has_alternatives"": true, ""category"": ""utilities""}"
crafting,"[""Red Dye"", ""Red Harness""]","[""Red Harness""]","{""has_alternatives"": true, ""category"": ""utilities""}"
crafting,"[""Orange Dye"", ""Orange Harness""]","[""Orange Harness""]","{""has_alternatives"": true, ""category"": ""utilities""}"
crafting,"[""Yellow Dye"", ""Yellow Harness""]","[""Yellow Harness""]","{""has_alternatives"": true, ""category"": ""utilities""}"
crafting,"[""Lime Harness"", ""Lime Dye""]","[""Lime Harness""]","{""has_alternatives"": true, ""category"": ""utilities""}"
crafting,"[""Green Dye"", ""Green Harness""]","[""Green Harness""]","{""has_alternatives"": true, ""category"": ""utilities""}"
crafting,"[""Cyan Dye"", ""Cyan Harness""]","[""Cyan Harness""]","{""has_alternatives"": true, ""category"": ""utilities""}"
crafting,"[""Light Blue Harness"", ""Light Blue Dye""]","[""Light Blue Harness""]","{""has_alternatives"": true, ""category"": ""utilities""}"
crafting,"[""Blue Dye"", ""Blue Harness""]","[""Blue Harness""]","{""has_alternatives"": true, ""category"": ""utilities""}"
crafting,"[""Purple Dye"", ""Purple Harness""]","[""Purple Harness""]","{""has_alternatives"": true, ""category"": ""utilities""}"
crafting,"[""Magenta Dye"", ""Magenta Harness""]","[""Magenta Harness""]","{""has_alternatives"": true, ""category"": ""utilities""}"
crafting,"[""Pink Harness"", ""Pink Dye""]","[""Pink Harness""]","{""has_alternatives"": true, ""category"": ""utilities""}"
crafting,"[""String"", ""Stick""]","[""Bow""]","{""category"": ""combat""}"
crafting,"[""Leather""]","[""Leather Cap""]","{""has_alternatives"": true, ""category"": ""combat""}"
crafting,"[""Gold Ingot""]","[""Golden Helmet""]","{""has_alternatives"": true, ""category"": ""combat""}"
crafting,"[""Copper Ingot""]","[""Copper Helmet""]","{""has_alternatives"": true, ""category"": ""combat""}"
crafting,"[""Iron Ingot""]","[""Iron Helmet""]","{""has_alternatives"": true, ""category"": ""combat""}"
crafting,"[""Diamond""]","[""Diamond Helmet""]","{""has_alternatives"": true, ""category"": ""combat""}"
crafting,"[""Turtle Scute""]","[""Turtle Shell""]","{""category"": ""combat""}"
crafting,"[""Leather""]","[""Leather Pants""]","{""has_alternatives"": true, ""category"": ""combat""}"
crafting,"[""Gold Ingot""]","[""Golden Leggings""]","{""has_alternatives"": true, ""category"": ""combat""}"
crafting,"[""Copper Ingot""]","[""Copper Leggings""]","{""has_alternatives"": true, ""category"": ""combat""}"
crafting,"[""Iron Ingot""]","[""Iron Leggings""]","{""has_alternatives"": true, ""category"": ""combat""}"
crafting,"[""Diamond""]","[""Diamond Leggings""]","{""has_alternatives"": true, ""category"": ""combat""}"
crafting,"[""Leather""]","[""Leather Boots""]","{""has_alternatives"": true, ""category"": ""combat""}"
crafting,"[""Gold Ingot""]","[""Golden Boots""]","{""has_alternatives"": true, ""category"": ""combat""}"
crafting,"[""Copper Ingot""]","[""Copper Boots""]","{""has_alternatives"": true, ""category"": ""combat""}"
crafting,"[""Iron Ingot""]","[""Iron Boots""]","{""has_alternatives"": true, ""category"": ""combat""}"
crafting,"[""Diamond""]","[""Diamond Boots""]","{""has_alternatives"": true, ""category"": ""combat""}"
crafting,"[""Stick"", ""Feather"", ""Flint""]","[""Arrow""]","{""category"": ""combat""}"
crafting,"[""Leather""]","[""Leather Tunic""]","{""has_alternatives"": true, ""category"": ""combat""}"
crafting,"[""Gold Ingot""]","[""Golden Chestplate""]","{""has_alternatives"": true, ""category"": ""combat""}"
crafting,"[""Copper Ingot""]","[""Copper Chestplate""]","{""has_alternatives"": true, ""category"": ""combat""}"
crafting,"[""Iron Ingot""]","[""Iron Chestplate""]","{""has_alternatives"": true, ""category"": ""combat""}"
crafting,"[""Diamond""]","[""Diamond Chestplate""]","{""has_alternatives"": true, ""category"": ""combat""}"
crafting,"[""Stick"", ""Oak Planks""]","[""Wooden Sword""]","{""has_alternatives"": true, ""category"": ""combat""}"
crafting,"[""Stick"", ""Spruce Planks""]","[""Wooden Sword""]","{""has_alternatives"": true, ""category"": ""combat""}"
crafting,"[""Stick"", ""Birch Planks""]","[""Wooden Sword""]","{""has_alternatives"": true, ""category"": ""combat""}"
crafting,"[""Stick"", ""Jungle Planks""]","[""Wooden Sword""]","{""has_alternatives"": true, ""category"": ""combat""}"
crafting,"[""Stick"", ""Acacia Planks""]","[""Wooden Sword""]","{""has_alternatives"": true, ""category"": ""combat""}"
crafting,"[""Stick"", ""Dark Oak Planks""]","[""Wooden Sword""]","{""has_alternatives"": true, ""category"": ""combat""}"
crafting,"[""Stick"", ""Mangrove Planks""]","[""Wooden Sword""]","{""has_alternatives"": true, ""category"": ""combat""}"
crafting,"[""Cherry Planks"", ""Stick""]","[""Wooden Sword""]","{""has_alternatives"": true, ""category"": ""combat""}"
crafting,"[""Stick"", ""Pale Oak Planks""]","[""Wooden Sword""]","{""has_alternatives"": true, ""category"": ""combat""}"
crafting,"[""Bamboo Planks"", ""Stick""]","[""Wooden Sword""]","{""has_alternatives"": true, ""category"": ""combat""}"
crafting,"[""Crimson Planks"", ""Stick""]","[""Wooden Sword""]","{""has_alternatives"": true, ""category"": ""combat""}"
crafting,"[""Stick"", ""Warped Planks""]","[""Wooden Sword""]","{""has_alternatives"": true, ""category"": ""combat""}"
crafting,"[""Stick"", ""Gold Ingot""]","[""Wooden Sword""]","{""has_alternatives"": true, ""category"": ""combat""}"
crafting,"[""Stick"", ""Cobblestone""]","[""Wooden Sword""]","{""has_alternatives"": true, ""category"": ""combat""}"
crafting,"[""Blackstone"", ""Stick""]","[""Wooden Sword""]","{""has_alternatives"": true, ""category"": ""combat""}"
crafting,"[""Stick"", ""Cobbled Deepslate""]","[""Wooden Sword""]","{""has_alternatives"": true, ""category"": ""combat""}"
crafting,"[""Copper Ingot"", ""Stick""]","[""Wooden Sword""]","{""has_alternatives"": true, ""category"": ""combat""}"
crafting,"[""Stick"", ""Iron Ingot""]","[""Wooden Sword""]","{""has_alternatives"": true, ""category"": ""combat""}"
crafting,"[""Stick"", ""Diamond""]","[""Wooden Sword""]","{""has_alternatives"": true, ""category"": ""combat""}"
crafting,"[""Glowstone Dust"", ""Arrow""]","[""Spectral Arrow""]","{""category"": ""combat""}"
crafting,"[""Lingering Water Bottle"", ""Arrow""]","[""Arrow of Splashing""]","{""has_alternatives"": true, ""category"": ""combat""}"
crafting,"[""Arrow"", ""Awkward Lingering Potion""]","[""Tipped Arrow""]","{""has_alternatives"": true, ""category"": ""combat""}"
crafting,"[""Thick Lingering Potion"", ""Arrow""]","[""Tipped Arrow""]","{""has_alternatives"": true, ""category"": ""combat""}"
crafting,"[""Mundane Lingering Potion"", ""Arrow""]","[""Tipped Arrow""]","{""has_alternatives"": true, ""category"": ""combat""}"
crafting,"[""Arrow"", ""Lingering Potion of Regeneration""]","[""Arrow of Regeneration""]","{""has_alternatives"": true, ""category"": ""combat""}"
crafting,"[""Lingering Potion of Swiftness"", ""Arrow""]","[""Arrow of Swiftness""]","{""has_alternatives"": true, ""category"": ""combat""}"
crafting,"[""Lingering Potion of Fire Resistance"", ""Arrow""]","[""Arrow of Fire Resistance""]","{""has_alternatives"": true, ""category"": ""combat""}"
crafting,"[""Arrow"", ""Lingering Potion of Poison""]","[""Arrow of Poison""]","{""has_alternatives"": true, ""category"": ""combat""}"
crafting,"[""Arrow"", ""Lingering Potion of Healing""]","[""Arrow of Healing""]","{""has_alternatives"": true, ""category"": ""combat""}"
crafting,"[""Lingering Potion of Night Vision"", ""Arrow""]","[""Arrow of Night Vision""]","{""has_alternatives"": true, ""category"": ""combat""}"
crafting,"[""Arrow"", ""Lingering Potion of Weakness""]","[""Arrow of Weakness""]","{""has_alternatives"": true, ""category"": ""combat""}"
crafting,"[""Lingering Potion of Strength"", ""Arrow""]","[""Arrow of Strength""]","{""has_alternatives"": true, ""category"": ""combat""}"
crafting,"[""Lingering Potion of Slowness"", ""Arrow""]","[""Arrow of Slowness""]","{""has_alternatives"": true, ""category"": ""combat""}"
crafting,"[""Lingering Potion of Leaping"", ""Arrow""]","[""Arrow of Leaping""]","{""has_alternatives"": true, ""category"": ""combat""}"
crafting,"[""Lingering Potion of Harming"", ""Arrow""]","[""Arrow of Harming""]","{""has_alternatives"": true, ""category"": ""combat""}"
crafting,"[""Arrow"", ""Lingering Potion of Water Breathing""]","[""Arrow of Water Breathing""]","{""has_alternatives"": true, ""category"": ""combat""}"
crafting,"[""Arrow"", ""Lingering Potion of Invisibility""]","[""Arrow of Invisibility""]","{""has_alternatives"": true, ""category"": ""combat""}"
crafting,"[""Lingering Potion of Slow Falling"", ""Arrow""]","[""Arrow of Slow Falling""]","{""has_alternatives"": true, ""category"": ""combat""}"
crafting,"[""Arrow"", ""Lingering Potion of Luck""]","[""Arrow of Luck""]","{""has_alternatives"": true, ""category"": ""combat""}"
crafting,"[""Lingering Potion of Decay"", ""Arrow""]","[""Arrow of Decay""]","{""has_alternatives"": true, ""category"": ""combat""}"
crafting,"[""Arrow"", ""Lingering Potion of the Turtle Master""]","[""Arrow of the Turtle Master""]","{""has_alternatives"": true, ""category"": ""combat""}"
crafting,"[""Lingering Potion of Oozing"", ""Arrow""]","[""Arrow of Oozing""]","{""has_alternatives"": true, ""category"": ""combat""}"
crafting,"[""Arrow"", ""Lingering Potion of Infestation""]","[""Arrow of Infestation""]","{""has_alternatives"": true, ""category"": ""combat""}"
crafting,"[""Arrow"", ""Lingering Potion of Weaving""]","[""Arrow of Weaving""]","{""has_alternatives"": true, ""category"": ""combat""}"
crafting,"[""Lingering Potion of Wind Charging"", ""Arrow""]","[""Arrow of Wind Charging""]","{""has_alternatives"": true, ""category"": ""combat""}"
crafting,"[""Lingering Potion of Big"", ""Arrow""]","[""Arrow of Big""]","{""has_alternatives"": true, ""category"": ""combat""}"
crafting,"[""Lingering Potion of Small"", ""Arrow""]","[""Arrow of Small""]","{""has_alternatives"": true, ""category"": ""combat""}"
crafting,"[""Lingering Potion of Sticky"", ""Arrow""]","[""Arrow of Sticky""]","{""has_alternatives"": true, ""category"": ""combat""}"
crafting,"[""Oak Planks"", ""Iron Ingot""]","[""Shield""]","{""has_alternatives"": true, ""category"": ""combat""}"
crafting,"[""Spruce Planks"", ""Iron Ingot""]","[""Shield""]","{""has_alternatives"": true, ""category"": ""combat""}"
crafting,"[""Birch Planks"", ""Iron Ingot""]","[""Shield""]","{""has_alternatives"": true, ""category"": ""combat""}"
crafting,"[""Jungle Planks"", ""Iron Ingot""]","[""Shield""]","{""has_alternatives"": true, ""category"": ""combat""}"
crafting,"[""Acacia Planks"", ""Iron Ingot""]","[""Shield""]","{""has_alternatives"": true, ""category"": ""combat""}"
crafting,"[""Dark Oak Planks"", ""Iron Ingot""]","[""Shield""]","{""has_alternatives"": true, ""category"": ""combat""}"
crafting,"[""Mangrove Planks"", ""Iron Ingot""]","[""Shield""]","{""has_alternatives"": true, ""category"": ""combat""}"
crafting,"[""Cherry Planks"", ""Iron Ingot""]","[""Shield""]","{""has_alternatives"": true, ""category"": ""combat""}"
crafting,"[""Pale Oak Planks"", ""Iron Ingot""]","[""Shield""]","{""has_alternatives"": true, ""category"": ""combat""}"
crafting,"[""Bamboo Planks"", ""Iron Ingot""]","[""Shield""]","{""has_alternatives"": true, ""category"": ""combat""}"
crafting,"[""Crimson Planks"", ""Iron Ingot""]","[""Shield""]","{""has_alternatives"": true, ""category"": ""combat""}"
crafting,"[""Warped Planks"", ""Iron Ingot""]","[""Shield""]","{""has_alternatives"": true, ""category"": ""combat""}"
crafting,"[""Shield"", ""White Banner""]","[""White Shield""]","{""has_alternatives"": true, ""category"": ""combat""}"
crafting,"[""Shield"", ""Light Gray Banner""]","[""Light Gray Shield""]","{""has_alternatives"": true, ""category"": ""combat""}"
crafting,"[""Shield"", ""Gray Banner""]","[""Gray Shield""]","{""has_alternatives"": true, ""category"": ""combat""}"
crafting,"[""Shield"", ""Black Banner""]","[""Black Shield""]","{""has_alternatives"": true, ""category"": ""combat""}"
crafting,"[""Shield"", ""Brown Banner""]","[""Brown Shield""]","{""has_alternatives"": true, ""category"": ""combat""}"
crafting,"[""Shield"", ""Red Banner""]","[""Red Shield""]","{""has_alternatives"": true, ""category"": ""combat""}"
crafting,"[""Shield"", ""Orange Banner""]","[""Orange Shield""]","{""has_alternatives"": true, ""category"": ""combat""}"
crafting,"[""Shield"", ""Yellow Banner""]","[""Yellow Shield""]","{""has_alternatives"": true, ""category"": ""combat""}"
crafting,"[""Shield"", ""Lime Banner""]","[""Lime Shield""]","{""has_alternatives"": true, ""category"": ""combat""}"
crafting,"[""Shield"", ""Green Banner""]","[""Green Shield""]","{""has_alternatives"": true, ""category"": ""combat""}"
crafting,"[""Shield"", ""Cyan Banner""]","[""Cyan Shield""]","{""has_alternatives"": true, ""category"": ""combat""}"
crafting,"[""Shield"", ""Light Blue Banner""]","[""Light Blue Shield""]","{""has_alternatives"": true, ""category"": ""combat""}"
crafting,"[""Shield"", ""Blue Banner""]","[""Blue Shield""]","{""has_alternatives"": true, ""category"": ""combat""}"
crafting,"[""Shield"", ""Purple Banner""]","[""Purple Shield""]","{""has_alternatives"": true, ""category"": ""combat""}"
crafting,"[""Shield"", ""Magenta Banner""]","[""Magenta Shield""]","{""has_alternatives"": true, ""category"": ""combat""}"
crafting,"[""Shield"", ""Pink Banner""]","[""Pink Shield""]","{""has_alternatives"": true, ""category"": ""combat""}"
crafting,"[""String"", ""Stick"", ""Tripwire Hook"", ""Iron Ingot""]","[""Crossbow""]","{""category"": ""combat""}"
crafting,"[""Shield"", ""Ominous Banner""]","[""Ominous Shield""]","{""category"": ""combat""}"
crafting,"[""Heavy Core"", ""Breeze Rod""]","[""Mace""]","{""category"": ""combat""}"
crafting,"[""Armadillo Scute""]","[""Wolf Armor""]","{""category"": ""combat""}"
crafting,"[""Breeze Rod""]","[""Wind Charge""]","{""category"": ""combat""}"
crafting,"[""Stick"", ""Oak Planks""]","[""Wooden Spear""]","{""has_alternatives"": true, ""category"": ""combat""}"
crafting,"[""Stick"", ""Spruce Planks""]","[""Wooden Spear""]","{""has_alternatives"": true, ""category"": ""combat""}"
crafting,"[""Stick"", ""Birch Planks""]","[""Wooden Spear""]","{""has_alternatives"": true, ""category"": ""combat""}"
crafting,"[""Stick"", ""Jungle Planks""]","[""Wooden Spear""]","{""has_alternatives"": true, ""category"": ""combat""}"
crafting,"[""Stick"", ""Acacia Planks""]","[""Wooden Spear""]","{""has_alternatives"": true, ""category"": ""combat""}"
crafting,"[""Stick"", ""Dark Oak Planks""]","[""Wooden Spear""]","{""has_alternatives"": true, ""category"": ""combat""}"
crafting,"[""Stick"", ""Mangrove Planks""]","[""Wooden Spear""]","{""has_alternatives"": true, ""category"": ""combat""}"
crafting,"[""Cherry Planks"", ""Stick""]","[""Wooden Spear""]","{""has_alternatives"": true, ""category"": ""combat""}"
crafting,"[""Stick"", ""Pale Oak Planks""]","[""Wooden Spear""]","{""has_alternatives"": true, ""category"": ""combat""}"
crafting,"[""Bamboo Planks"", ""Stick""]","[""Wooden Spear""]","{""has_alternatives"": true, ""category"": ""combat""}"
crafting,"[""Crimson Planks"", ""Stick""]","[""Wooden Spear""]","{""has_alternatives"": true, ""category"": ""combat""}"
crafting,"[""Stick"", ""Warped Planks""]","[""Wooden Spear""]","{""has_alternatives"": true, ""category"": ""combat""}"
crafting,"[""Stick"", ""Cobblestone""]","[""Stone Spear""]","{""has_alternatives"": true, ""category"": ""combat""}"
crafting,"[""Blackstone"", ""Stick""]","[""Stone Spear""]","{""has_alternatives"": true, ""category"": ""combat""}"
crafting,"[""Stick"", ""Cobbled Deepslate""]","[""Stone Spear""]","{""has_alternatives"": true, ""category"": ""combat""}"
crafting,"[""Stick"", ""Iron Ingot""]","[""Iron Spear""]","{""category"": ""combat""}"
crafting,"[""Copper Ingot"", ""Stick""]","[""Copper Spear""]","{""category"": ""combat""}"
crafting,"[""Stick"", ""Gold Ingot""]","[""Golden Spear""]","{""category"": ""combat""}"
crafting,"[""Stick"", ""Diamond""]","[""Diamond Spear""]","{""category"": ""combat""}"
crafting,"[""Glass""]","[""Glass Bottle""]","{""category"": ""brewing""}"
crafting,"[""Blaze Rod""]","[""Blaze Powder""]","{""category"": ""brewing""}"
crafting,"[""Slimeball"", ""Blaze Powder""]","[""Magma Cream""]","{""category"": ""brewing""}"
crafting,"[""Sugar"", ""Spider Eye"", ""Brown Mushroom""]","[""Fermented Spider Eye""]","{""category"": ""brewing""}"
crafting,"[""Iron Ingot""]","[""Cauldron""]","{""category"": ""brewing""}"
crafting,"[""Blaze Rod"", ""Cobblestone""]","[""Brewing Stand""]","{""has_alternatives"": true, ""category"": ""brewing""}"
crafting,"[""Blackstone"", ""Blaze Rod""]","[""Brewing Stand""]","{""has_alternatives"": true, ""category"": ""brewing""}"
crafting,"[""Blaze Rod"", ""Cobbled Deepslate""]","[""Brewing Stand""]","{""has_alternatives"": true, ""category"": ""brewing""}"
crafting,"[""Melon Slice"", ""Gold Nugget""]","[""Glistering Melon Slice""]","{""category"": ""brewing""}"
crafting,"[""Hay Bale""]","[""Wheat""]","{""category"": ""materials""}"
crafting,"[""Oak Planks""]","[""Stick""]","{""has_alternatives"": true, ""category"": ""materials""}"
crafting,"[""Spruce Planks""]","[""Stick""]","{""has_alternatives"": true, ""category"": ""materials""}"
crafting,"[""Birch Planks""]","[""Stick""]","{""has_alternatives"": true, ""category"": ""materials""}"
crafting,"[""Jungle Planks""]","[""Stick""]","{""has_alternatives"": true, ""category"": ""materials""}"
crafting,"[""Acacia Planks""]","[""Stick""]","{""has_alternatives"": true, ""category"": ""materials""}"
crafting,"[""Dark Oak Planks""]","[""Stick""]","{""has_alternatives"": true, ""category"": ""materials""}"
crafting,"[""Mangrove Planks""]","[""Stick""]","{""has_alternatives"": true, ""category"": ""materials""}"
crafting,"[""Cherry Planks""]","[""Stick""]","{""has_alternatives"": true, ""category"": ""materials""}"
crafting,"[""Pale Oak Planks""]","[""Stick""]","{""has_alternatives"": true, ""category"": ""materials""}"
crafting,"[""Bamboo Planks""]","[""Stick""]","{""has_alternatives"": true, ""category"": ""materials""}"
crafting,"[""Crimson Planks""]","[""Stick""]","{""has_alternatives"": true, ""category"": ""materials""}"
crafting,"[""Warped Planks""]","[""Stick""]","{""has_alternatives"": true, ""category"": ""materials""}"
crafting,"[""Bamboo""]","[""Stick""]","{""category"": ""materials""}"
crafting,"[""Oak Planks""]","[""Bowl""]","{""has_alternatives"": true, ""category"": ""materials""}"
crafting,"[""Spruce Planks""]","[""Bowl""]","{""has_alternatives"": true, ""category"": ""materials""}"
crafting,"[""Birch Planks""]","[""Bowl""]","{""has_alternatives"": true, ""category"": ""materials""}"
crafting,"[""Jungle Planks""]","[""Bowl""]","{""has_alternatives"": true, ""category"": ""materials""}"
crafting,"[""Acacia Planks""]","[""Bowl""]","{""has_alternatives"": true, ""category"": ""materials""}"
crafting,"[""Dark Oak Planks""]","[""Bowl""]","{""has_alternatives"": true, ""category"": ""materials""}"
crafting,"[""Mangrove Planks""]","[""Bowl""]","{""has_alternatives"": true, ""category"": ""materials""}"
crafting,"[""Cherry Planks""]","[""Bowl""]","{""has_alternatives"": true, ""category"": ""materials""}"
crafting,"[""Pale Oak Planks""]","[""Bowl""]","{""has_alternatives"": true, ""category"": ""materials""}"
crafting,"[""Bamboo Planks""]","[""Bowl""]","{""has_alternatives"": true, ""category"": ""materials""}"
crafting,"[""Crimson Planks""]","[""Bowl""]","{""has_alternatives"": true, ""category"": ""materials""}"
crafting,"[""Warped Planks""]","[""Bowl""]","{""has_alternatives"": true, ""category"": ""materials""}"
crafting,"[""Rabbit Hide""]","[""Leather""]","{""category"": ""materials""}"
crafting,"[""Slime Block""]","[""Slimeball""]","{""category"": ""materials""}"
crafting,"[""Block of Iron""]","[""Iron Ingot""]","{""category"": ""materials""}"
crafting,"[""Iron Nugget""]","[""Iron Ingot""]","{""category"": ""materials""}"
crafting,"[""Block of Gold""]","[""Gold Ingot""]","{""category"": ""materials""}"
crafting,"[""Gold Nugget""]","[""Gold Ingot""]","{""category"": ""materials""}"
crafting,"[""Block of Coal""]","[""Coal""]","{""category"": ""materials""}"
crafting,"[""Sugar Cane""]","[""Sugar""]","{""category"": ""materials""}"
crafting,"[""Honey Bottle""]","[""Sugar""]","{""category"": ""materials""}"
crafting,"[""Dandelion""]","[""Yellow Dye""]","{""has_alternatives"": true, ""category"": ""materials""}"
crafting,"[""Wildflowers""]","[""Yellow Dye""]","{""has_alternatives"": true, ""category"": ""materials""}"
crafting,"[""Sunflower""]","[""Yellow Dye""]","{""category"": ""materials""}"
crafting,"[""Bone""]","[""Bone Meal""]","{""category"": ""materials""}"
crafting,"[""Bone Block""]","[""Bone Meal""]","{""category"": ""materials""}"
crafting,"[""Poppy""]","[""Red Dye""]","{""has_alternatives"": true, ""category"": ""materials""}"
crafting,"[""Red Tulip""]","[""Red Dye""]","{""has_alternatives"": true, ""category"": ""materials""}"
crafting,"[""Beetroot""]","[""Red Dye""]","{""has_alternatives"": true, ""category"": ""materials""}"
crafting,"[""Rose Bush""]","[""Red Dye""]","{""category"": ""materials""}"
crafting,"[""Orange Tulip""]","[""Orange Dye""]","{""has_alternatives"": true, ""category"": ""materials""}"
crafting,"[""Torchflower""]","[""Orange Dye""]","{""has_alternatives"": true, ""category"": ""materials""}"
crafting,"[""Open Eyeblossom""]","[""Orange Dye""]","{""has_alternatives"": true, ""category"": ""materials""}"
crafting,"[""Red Dye"", ""Yellow Dye""]","[""Orange Dye""]","{""category"": ""materials""}"
crafting,"[""Pink Tulip""]","[""Pink Dye""]","{""has_alternatives"": true, ""category"": ""materials""}"
crafting,"[""Cactus Flower""]","[""Pink Dye""]","{""has_alternatives"": true, ""category"": ""materials""}"
crafting,"[""Pink Petals""]","[""Pink Dye""]","{""category"": ""materials""}"
crafting,"[""Peony""]","[""Pink Dye""]","{""category"": ""materials""}"
crafting,"[""Red Dye"", ""White Dye""]","[""Pink Dye""]","{""category"": ""materials""}"
crafting,"[""Green Dye"", ""White Dye""]","[""Lime Dye""]","{""category"": ""materials""}"
crafting,"[""Red Dye"", ""Blue Dye""]","[""Purple Dye""]","{""category"": ""materials""}"
crafting,"[""Block of Lapis Lazuli""]","[""Lapis Lazuli""]","{""category"": ""materials""}"
crafting,"[""Green Dye"", ""Blue Dye""]","[""Cyan Dye""]","{""category"": ""materials""}"
crafting,"[""Pitcher Plant""]","[""Cyan Dye""]","{""category"": ""materials""}"
crafting,"[""Azure Bluet""]","[""Light Gray Dye""]","{""has_alternatives"": true, ""category"": ""materials""}"
crafting,"[""Oxeye Daisy""]","[""Light Gray Dye""]","{""has_alternatives"": true, ""category"": ""materials""}"
crafting,"[""White Tulip""]","[""Light Gray Dye""]","{""has_alternatives"": true, ""category"": ""materials""}"
crafting,"[""Black Dye"", ""White Dye""]","[""Light Gray Dye""]","{""category"": ""materials""}"
crafting,"[""Gray Dye"", ""White Dye""]","[""Light Gray Dye""]","{""category"": ""materials""}"
crafting,"[""Allium""]","[""Magenta Dye""]","{""category"": ""materials""}"
crafting,"[""Lilac""]","[""Magenta Dye""]","{""category"": ""materials""}"
crafting,"[""Purple Dye"", ""Pink Dye""]","[""Magenta Dye""]","{""category"": ""materials""}"
crafting,"[""Red Dye"", ""Blue Dye"", ""Pink Dye""]","[""Magenta Dye""]","{""category"": ""materials""}"
crafting,"[""Red Dye"", ""Blue Dye"", ""White Dye""]","[""Magenta Dye""]","{""category"": ""materials""}"
crafting,"[""Black Dye"", ""White Dye""]","[""Gray Dye""]","{""category"": ""materials""}"
crafting,"[""Closed Eyeblossom""]","[""Gray Dye""]","{""category"": ""materials""}"
crafting,"[""Blue Orchid""]","[""Light Blue Dye""]","{""category"": ""materials""}"
crafting,"[""Blue Dye"", ""White Dye""]","[""Light Blue Dye""]","{""category"": ""materials""}"
crafting,"[""Melon Slice""]","[""Melon Seeds""]","{""category"": ""materials""}"
crafting,"[""Pumpkin""]","[""Pumpkin Seeds""]","{""category"": ""materials""}"
crafting,"[""Gold Ingot""]","[""Gold Nugget""]","{""category"": ""materials""}"
crafting,"[""Block of Diamond""]","[""Diamond""]","{""category"": ""materials""}"
crafting,"[""Block of Emerald""]","[""Emerald""]","{""category"": ""materials""}"
crafting,"[""Iron Ingot""]","[""Iron Nugget""]","{""category"": ""materials""}"
crafting,"[""Bone Meal""]","[""White Dye""]","{""category"": ""materials""}"
crafting,"[""Lily of the Valley""]","[""White Dye""]","{""category"": ""materials""}"
crafting,"[""Ink Sac""]","[""Black Dye""]","{""category"": ""materials""}"
crafting,"[""Wither Rose""]","[""Black Dye""]","{""category"": ""materials""}"
crafting,"[""Cocoa Beans""]","[""Brown Dye""]","{""category"": ""materials""}"
crafting,"[""Lapis Lazuli""]","[""Blue Dye""]","{""category"": ""materials""}"
crafting,"[""Cornflower""]","[""Blue Dye""]","{""category"": ""materials""}"
crafting,"[""Netherite Scrap"", ""Gold Ingot""]","[""Netherite Ingot""]","{""category"": ""materials""}"
crafting,"[""Block of Netherite""]","[""Netherite Ingot""]","{""category"": ""materials""}"
crafting,"[""Block of Copper""]","[""Copper Ingot""]","{""has_alternatives"": true, ""category"": ""materials""}"
crafting,"[""Waxed Block of Copper""]","[""Copper Ingot""]","{""has_alternatives"": true, ""category"": ""materials""}"
crafting,"[""Copper Nugget""]","[""Copper Ingot""]","{""category"": ""materials""}"
crafting,"[""Block of Raw Iron""]","[""Raw Iron""]","{""category"": ""materials""}"
crafting,"[""Block of Raw Gold""]","[""Raw Gold""]","{""category"": ""materials""}"
crafting,"[""Block of Raw Copper""]","[""Raw Copper""]","{""category"": ""materials""}"
crafting,"[""Block of Resin""]","[""Resin Clump""]","{""category"": ""materials""}"
crafting,"[""Copper Ingot""]","[""Copper Nugget""]","{""category"": ""materials""}"
crafting,"[""Leather"", ""Paper""]","[""Book""]","{""category"": ""miscellaneous""}"
crafting,"[""Compass"", ""Paper""]","[""Empty Map""]","{""category"": ""miscellaneous""}"
crafting,"[""Map"", ""Empty Map""]","[""Map""]","{""has_alternatives"": true, ""category"": ""miscellaneous""}"
crafting,"[""Ender Pearl"", ""Blaze Powder""]","[""Eye of Ender""]","{""category"": ""miscellaneous""}"
crafting,"[""Coal"", ""Gunpowder"", ""Blaze Powder""]","[""Fire Charge""]","{""has_alternatives"": true, ""category"": ""miscellaneous""}"
crafting,"[""Charcoal"", ""Gunpowder"", ""Blaze Powder""]","[""Fire Charge""]","{""has_alternatives"": true, ""category"": ""miscellaneous""}"
crafting,"[""Ink Sac"", ""Book"", ""Feather""]","[""Book and Quill""]","{""category"": ""miscellaneous""}"
crafting,"[""Book and Quill"", ""Written Book""]","[""Written Book""]","{""has_alternatives"": true, ""category"": ""miscellaneous""}"
crafting,"[""Nether Star"", ""Glass"", ""Obsidian""]","[""Beacon""]","{""category"": ""miscellaneous""}"
crafting,"[""Gunpowder"", ""Paper""]","[""Firework Rocket""]","{""has_alternatives"": true, ""category"": ""miscellaneous""}"
crafting,"[""Gunpowder"", ""Paper"", ""Firework Star""]","[""Firework Rocket""]","{""has_alternatives"": true, ""category"": ""miscellaneous""}"
crafting,"[""Gunpowder"", ""Head"", ""White Dye"", ""Glowstone Dust"", ""Diamond""]","[""Firework Star""]","{""has_alternatives"": true, ""category"": ""miscellaneous""}"
crafting,"[""Gold Nugget"", ""Gunpowder"", ""Glowstone Dust"", ""Diamond"", ""Light Gray Dye""]","[""Firework Star""]","{""has_alternatives"": true, ""category"": ""miscellaneous""}"
crafting,"[""Gunpowder"", ""Gray Dye"", ""Glowstone Dust"", ""Diamond"", ""Feather""]","[""Firework Star""]","{""has_alternatives"": true, ""category"": ""miscellaneous""}"
crafting,"[""Gunpowder"", ""Fire Charge"", ""Glowstone Dust"", ""Diamond"", ""Black Dye""]","[""Firework Star""]","{""has_alternatives"": true, ""category"": ""miscellaneous""}"
crafting,"[""Gunpowder"", ""Head"", ""Glowstone Dust"", ""Diamond"", ""Brown Dye""]","[""Firework Star""]","{""has_alternatives"": true, ""category"": ""miscellaneous""}"
crafting,"[""Gold Nugget"", ""Gunpowder"", ""Red Dye"", ""Glowstone Dust"", ""Diamond""]","[""Firework Star""]","{""has_alternatives"": true, ""category"": ""miscellaneous""}"
crafting,"[""Gunpowder"", ""Orange Dye"", ""Glowstone Dust"", ""Diamond"", ""Feather""]","[""Firework Star""]","{""has_alternatives"": true, ""category"": ""miscellaneous""}"
crafting,"[""Gunpowder"", ""Fire Charge"", ""Yellow Dye"", ""Glowstone Dust"", ""Diamond""]","[""Firework Star""]","{""has_alternatives"": true, ""category"": ""miscellaneous""}"
crafting,"[""Gunpowder"", ""Head"", ""Lime Dye"", ""Glowstone Dust"", ""Diamond""]","[""Firework Star""]","{""has_alternatives"": true, ""category"": ""miscellaneous""}"
crafting,"[""Green Dye"", ""Gold Nugget"", ""Gunpowder"", ""Glowstone Dust"", ""Diamond""]","[""Firework Star""]","{""has_alternatives"": true, ""category"": ""miscellaneous""}"
crafting,"[""Cyan Dye"", ""Gunpowder"", ""Glowstone Dust"", ""Diamond"", ""Feather""]","[""Firework Star""]","{""has_alternatives"": true, ""category"": ""miscellaneous""}"
crafting,"[""Gunpowder"", ""Fire Charge"", ""Glowstone Dust"", ""Light Blue Dye"", ""Diamond""]","[""Firework Star""]","{""has_alternatives"": true, ""category"": ""miscellaneous""}"
crafting,"[""Gunpowder"", ""Head"", ""Glowstone Dust"", ""Diamond"", ""Blue Dye""]","[""Firework Star""]","{""has_alternatives"": true, ""category"": ""miscellaneous""}"
crafting,"[""Gold Nugget"", ""Gunpowder"", ""Glowstone Dust"", ""Diamond"", ""Purple Dye""]","[""Firework Star""]","{""has_alternatives"": true, ""category"": ""miscellaneous""}"
crafting,"[""Gunpowder"", ""Glowstone Dust"", ""Diamond"", ""Magenta Dye"", ""Feather""]","[""Firework Star""]","{""has_alternatives"": true, ""category"": ""miscellaneous""}"
crafting,"[""Gunpowder"", ""Fire Charge"", ""Glowstone Dust"", ""Diamond"", ""Pink Dye""]","[""Firework Star""]","{""has_alternatives"": true, ""category"": ""miscellaneous""}"
crafting,"[""White Dye"", ""Firework Star""]","[""Firework Star""]","{""has_alternatives"": true, ""category"": ""miscellaneous""}"
crafting,"[""Light Gray Dye"", ""Firework Star""]","[""Firework Star""]","{""has_alternatives"": true, ""category"": ""miscellaneous""}"
crafting,"[""Gray Dye"", ""Firework Star""]","[""Firework Star""]","{""has_alternatives"": true, ""category"": ""miscellaneous""}"
crafting,"[""Black Dye"", ""Firework Star""]","[""Firework Star""]","{""has_alternatives"": true, ""category"": ""miscellaneous""}"
crafting,"[""Brown Dye"", ""Firework Star""]","[""Firework Star""]","{""has_alternatives"": true, ""category"": ""miscellaneous""}"
crafting,"[""Red Dye"", ""Firework Star""]","[""Firework Star""]","{""has_alternatives"": true, ""category"": ""miscellaneous""}"
crafting,"[""Orange Dye"", ""Firework Star""]","[""Firework Star""]","{""has_alternatives"": true, ""category"": ""miscellaneous""}"
crafting,"[""Yellow Dye"", ""Firework Star""]","[""Firework Star""]","{""has_alternatives"": true, ""category"": ""miscellaneous""}"
crafting,"[""Lime Dye"", ""Firework Star""]","[""Firework Star""]","{""has_alternatives"": true, ""category"": ""miscellaneous""}"
crafting,"[""Green Dye"", ""Firework Star""]","[""Firework Star""]","{""has_alternatives"": true, ""category"": ""miscellaneous""}"
crafting,"[""Cyan Dye"", ""Firework Star""]","[""Firework Star""]","{""has_alternatives"": true, ""category"": ""miscellaneous""}"
crafting,"[""Light Blue Dye"", ""Firework Star""]","[""Firework Star""]","{""has_alternatives"": true, ""category"": ""miscellaneous""}"
crafting,"[""Blue Dye"", ""Firework Star""]","[""Firework Star""]","{""has_alternatives"": true, ""category"": ""miscellaneous""}"
crafting,"[""Purple Dye"", ""Firework Star""]","[""Firework Star""]","{""has_alternatives"": true, ""category"": ""miscellaneous""}"
crafting,"[""Magenta Dye"", ""Firework Star""]","[""Firework Star""]","{""has_alternatives"": true, ""category"": ""miscellaneous""}"
crafting,"[""Pink Dye"", ""Firework Star""]","[""Firework Star""]","{""has_alternatives"": true, ""category"": ""miscellaneous""}"
crafting,"[""Leather""]","[""Leather Horse Armor""]","{""category"": ""miscellaneous""}"
crafting,"[""Sugar Cane""]","[""Paper""]","{""category"": ""miscellaneous""}"
crafting,"[""Nautilus Shell"", ""Heart of the Sea""]","[""Conduit""]","{""category"": ""miscellaneous""}"
crafting,"[""Enchanted Golden Apple"", ""Paper""]","[""Thing Banner Pattern""]","{""category"": ""miscellaneous""}"
crafting,"[""Creeper Head"", ""Paper""]","[""Creeper Charge Banner Pattern""]","{""category"": ""miscellaneous""}"
crafting,"[""Wither Skeleton Skull"", ""Paper""]","[""Skull Charge Banner Pattern""]","{""category"": ""miscellaneous""}"
crafting,"[""Paper"", ""Oxeye Daisy""]","[""Flower Charge Banner Pattern""]","{""category"": ""miscellaneous""}"
crafting,"[""Bricks"", ""Paper""]","[""Field Masoned Banner Pattern""]","{""category"": ""miscellaneous""}"
crafting,"[""Paper"", ""Vines""]","[""Bordure Indented Banner Pattern""]","{""category"": ""miscellaneous""}"
crafting,"[""Disc Fragment""]","[""Music Disc""]","{""category"": ""miscellaneous""}"
crafting,"[""Coast Armor Trim"", ""Cobblestone"", ""Diamond""]","[""Coast Armor Trim""]","{""category"": ""miscellaneous""}"
crafting,"[""Dune Armor Trim"", ""Sandstone"", ""Diamond""]","[""Dune Armor Trim""]","{""category"": ""miscellaneous""}"
crafting,"[""Eye Armor Trim"", ""End Stone"", ""Diamond""]","[""Eye Armor Trim""]","{""category"": ""miscellaneous""}"
crafting,"[""Netherrack"", ""Rib Armor Trim"", ""Diamond""]","[""Rib Armor Trim""]","{""category"": ""miscellaneous""}"
crafting,"[""Cobblestone"", ""Sentry Armor Trim"", ""Diamond""]","[""Sentry Armor Trim""]","{""category"": ""miscellaneous""}"
crafting,"[""Blackstone"", ""Snout Armor Trim"", ""Diamond""]","[""Snout Armor Trim""]","{""category"": ""miscellaneous""}"
crafting,"[""Spire Armor Trim"", ""Purpur Block"", ""Diamond""]","[""Spire Armor Trim""]","{""category"": ""miscellaneous""}"
crafting,"[""Prismarine"", ""Tide Armor Trim"", ""Diamond""]","[""Tide Armor Trim""]","{""category"": ""miscellaneous""}"
crafting,"[""Cobblestone"", ""Vex Armor Trim"", ""Diamond""]","[""Vex Armor Trim""]","{""category"": ""miscellaneous""}"
crafting,"[""Cobbled Deepslate"", ""Ward Armor Trim"", ""Diamond""]","[""Ward Armor Trim""]","{""category"": ""miscellaneous""}"
crafting,"[""Mossy Cobblestone"", ""Wild Armor Trim"", ""Diamond""]","[""Wild Armor Trim""]","{""category"": ""miscellaneous""}"
crafting,"[""Host Armor Trim"", ""Terracotta"", ""Diamond""]","[""Host Armor Trim""]","{""category"": ""miscellaneous""}"
crafting,"[""Raiser Armor Trim"", ""Terracotta"", ""Diamond""]","[""Raiser Armor Trim""]","{""category"": ""miscellaneous""}"
crafting,"[""Shaper Armor Trim"", ""Terracotta"", ""Diamond""]","[""Shaper Armor Trim""]","{""category"": ""miscellaneous""}"
crafting,"[""Cobbled Deepslate"", ""Silence Armor Trim"", ""Diamond""]","[""Silence Armor Trim""]","{""category"": ""miscellaneous""}"
crafting,"[""Terracotta"", ""Wayfinder Armor Trim"", ""Diamond""]","[""Wayfinder Armor Trim""]","{""category"": ""miscellaneous""}"
crafting,"[""Flow Armor Trim"", ""Breeze Rod"", ""Diamond""]","[""Flow Armor Trim""]","{""category"": ""miscellaneous""}"
crafting,"[""Bolt Armor Trim"", ""Block of Copper"", ""Diamond""]","[""Bolt Armor Trim""]","{""has_alternatives"": true, ""category"": ""miscellaneous""}"
crafting,"[""Bolt Armor Trim"", ""Waxed Block of Copper"", ""Diamond""]","[""Bolt Armor Trim""]","{""has_alternatives"": true, ""category"": ""miscellaneous""}"
smelting,"[""Potato""]","[""Baked Potato""]",{}
smelting,"[""Kelp""]","[""Dried Kelp""]",{}
smelting,"[""Raw Beef""]","[""Steak""]",{}
smelting,"[""Raw Porkchop""]","[""Cooked Porkchop""]",{}
smelting,"[""Raw Mutton""]","[""Cooked Mutton""]",{}
smelting,"[""Raw Chicken""]","[""Cooked Chicken""]",{}
smelting,"[""Raw Rabbit""]","[""Cooked Rabbit""]",{}
smelting,"[""Raw Cod""]","[""Cooked Cod""]",{}
smelting,"[""Raw Salmon""]","[""Cooked Salmon""]",{}
smelting,"[""Raw Iron""]","[""Iron Ingot""]",{}
smelting,"[""Raw Copper""]","[""Copper Ingot""]",{}
smelting,"[""Raw Gold""]","[""Gold Ingot""]",{}
smelting,"[""Nether Gold Ore""]","[""Gold Ingot""]",{}
smelting,"[""Ancient Debris""]","[""Netherite Scrap""]",{}
smelting,"[""Redstone Ore""]","[""Redstone Dust""]",{}
smelting,"[""Deepslate Redstone Ore""]","[""Redstone Dust""]",{}
smelting,"[""Coal Ore""]","[""Coal""]",{}
smelting,"[""Deepslate Coal Ore""]","[""Coal""]",{}
smelting,"[""Emerald Ore""]","[""Emerald""]",{}
smelting,"[""Deepslate Emerald Ore""]","[""Emerald""]",{}
smelting,"[""Lapis Lazuli Ore""]","[""Lapis Lazuli""]",{}
smelting,"[""Deepslate Lapis Lazuli Ore""]","[""Lapis Lazuli""]",{}
smelting,"[""Diamond Ore""]","[""Diamond""]",{}
smelting,"[""Deepslate Diamond Ore""]","[""Diamond""]",{}
smelting,"[""Nether Quartz Ore""]","[""Nether Quartz""]",{}
smelting,"[""Iron Ore""]","[""Iron Ingot""]",{}
smelting,"[""Deepslate Iron Ore""]","[""Iron Ingot""]",{}
smelting,"[""Copper Ore""]","[""Copper Ingot""]",{}
smelting,"[""Deepslate Copper Ore""]","[""Copper Ingot""]",{}
smelting,"[""Gold Ore""]","[""Gold Ingot""]",{}
smelting,"[""Deepslate Gold Ore""]","[""Gold Ingot""]",{}
smelting,"[""Iron Shovel""]","[""Iron Nugget""]",{}
smelting,"[""Iron Pickaxe""]","[""Iron Nugget""]",{}
smelting,"[""Iron Axe""]","[""Iron Nugget""]",{}
smelting,"[""Iron Hoe""]","[""Iron Nugget""]",{}
smelting,"[""Iron Sword""]","[""Iron Nugget""]",{}
smelting,"[""Chainmail Helmet""]","[""Iron Nugget""]",{}
smelting,"[""Chainmail Chestplate""]","[""Iron Nugget""]",{}
smelting,"[""Chainmail Leggings""]","[""Iron Nugget""]",{}
smelting,"[""Chainmail Boots""]","[""Iron Nugget""]",{}
smelting,"[""Iron Helmet""]","[""Iron Nugget""]",{}
smelting,"[""Iron Chestplate""]","[""Iron Nugget""]",{}
smelting,"[""Iron Leggings""]","[""Iron Nugget""]",{}
smelting,"[""Iron Boots""]","[""Iron Nugget""]",{}
smelting,"[""Iron Horse Armor""]","[""Iron Nugget""]",{}
smelting,"[""Golden Shovel""]","[""Gold Nugget""]",{}
smelting,"[""Golden Pickaxe""]","[""Gold Nugget""]",{}
smelting,"[""Golden Axe""]","[""Gold Nugget""]",{}
smelting,"[""Golden Hoe""]","[""Gold Nugget""]",{}
smelting,"[""Golden Sword""]","[""Gold Nugget""]",{}
smelting,"[""Golden Helmet""]","[""Gold Nugget""]",{}
smelting,"[""Golden Chestplate""]","[""Gold Nugget""]",{}
smelting,"[""Golden Leggings""]","[""Gold Nugget""]",{}
smelting,"[""Golden Boots""]","[""Gold Nugget""]",{}
smelting,"[""Golden Horse Armor""]","[""Gold Nugget""]",{}
smelting,"[""Copper Shovel""]","[""Copper Nugget""]",{}
smelting,"[""Copper Pickaxe""]","[""Copper Nugget""]",{}
smelting,"[""Copper Axe""]","[""Copper Nugget""]",{}
smelting,"[""Copper Hoe""]","[""Copper Nugget""]",{}
smelting,"[""Copper Sword""]","[""Copper Nugget""]",{}
smelting,"[""Copper Helmet""]","[""Copper Nugget""]",{}
smelting,"[""Copper Chestplate""]","[""Copper Nugget""]",{}
smelting,"[""Copper Leggings""]","[""Copper Nugget""]",{}
smelting,"[""Copper Boots""]","[""Copper Nugget""]",{}
smelting,"[""Copper Horse Armor""]","[""Copper Nugget""]",{}
smelting,"[""Cobblestone""]","[""Stone""]",{}
smelting,"[""Stone""]","[""Smooth Stone""]",{}
smelting,"[""Stone Bricks""]","[""Cracked Stone Bricks""]",{}
smelting,"[""Cobbled Deepslate""]","[""Deepslate""]",{}
smelting,"[""Deepslate Bricks""]","[""Cracked Deepslate Bricks""]",{}
smelting,"[""Deepslate Tiles""]","[""Cracked Deepslate Tiles""]",{}
smelting,"[""Sandstone""]","[""Smooth Sandstone""]",{}
smelting,"[""Red Sandstone""]","[""Smooth Red Sandstone""]",{}
smelting,"[""Nether Bricks""]","[""Cracked Nether Bricks""]",{}
smelting,"[""Basalt""]","[""Smooth Basalt""]",{}
smelting,"[""Polished Blackstone Bricks""]","[""Cracked Polished Blackstone Bricks""]",{}
smelting,"[""Block of Quartz""]","[""Smooth Quartz""]",{}
smelting,"[""Clay""]","[""Terracotta""]",{}
smelting,"[""White Terracotta""]","[""White Glazed Terracotta""]",{}
smelting,"[""Sand""]","[""Glass""]",{}
smelting,"[""Wet Sponge""]","[""Sponge""]",{}
smelting,"[""Oak Log""]","[""Charcoal""]",{}
smelting,"[""Oak Wood""]","[""Charcoal""]",{}
smelting,"[""Stripped Oak Log""]","[""Charcoal""]",{}
smelting,"[""Stripped Oak Wood""]","[""Charcoal""]",{}
smelting,"[""Chorus Fruit""]","[""Popped Chorus Fruit""]",{}
smelting,"[""Sea Pickle""]","[""Lime Dye""]",{}
smelting,"[""Cactus""]","[""Green Dye""]",{}
smelting,"[""Clay Ball""]","[""Brick""]",{}
smelting,"[""Netherrack""]","[""Nether Brick""]",{}
smelting,"[""Resin Clump""]","[""Resin Brick""]",{}
smelting,"[""Oak Leaves""]","[""Leaf Litter""]",{}
smithing,"[""Netherite Upgrade"", ""Netherite Ingot"", ""Diamond Helmet""]","[""Netherite Helmet""]",{}
smithing,"[""Diamond Chestplate"", ""Netherite Upgrade"", ""Netherite Ingot""]","[""Netherite Chestplate""]",{}
smithing,"[""Diamond Leggings"", ""Netherite Upgrade"", ""Netherite Ingot""]","[""Netherite Leggings""]",{}
smithing,"[""Diamond Boots"", ""Netherite Upgrade"", ""Netherite Ingot""]","[""Netherite Boots""]",{}
smithing,"[""Netherite Ingot"", ""Netherite Upgrade"", ""Diamond Sword""]","[""Netherite Sword""]",{}
smithing,"[""Netherite Upgrade"", ""Netherite Ingot"", ""Diamond Pickaxe""]","[""Netherite Pickaxe""]",{}
smithing,"[""Netherite Upgrade"", ""Diamond Axe"", ""Netherite Ingot""]","[""Netherite Axe""]",{}
smithing,"[""Diamond Shovel"", ""Netherite Upgrade"", ""Netherite Ingot""]","[""Netherite Shovel""]",{}
smithing,"[""Diamond Hoe"", ""Netherite Upgrade"", ""Netherite Ingot""]","[""Netherite Hoe""]",{}
smithing,"[""Netherite Upgrade"", ""Netherite Ingot"", ""Diamond Spear""]","[""Netherite Spear""]",{}
smithing,"[""Lapis Lazuli"", ""Wayfinder Armor Trim"", ""Shaper Armor Trim"", ""Iron Ingot"", ""Dune Armor Trim"", ""Diamond Boots"", ""Nether Quartz"", ""Snout Armor Trim"", ""Vex Armor Trim"", ""Flow Armor Trim"", ""Host Armor Trim"", ""Eye Armor Trim"", ""Resin Brick"", ""Tide Armor Trim"", ""Silence Armor Trim"", ""Leather Pants"", ""Bolt Armor Trim"", ""Turtle Shell"", ""Sentry Armor Trim"", ""Golden Leggings"", ""Wild Armor Trim"", ""Emerald"", ""Ward Armor Trim"", ""Raiser Armor Trim"", ""Copper Ingot"", ""Netherite Ingot"", ""Spire Armor Trim"", ""Chainmail Chestplate"", ""Copper Boots"", ""Netherite Helmet"", ""Coast Armor Trim"", ""Redstone Dust"", ""Iron Chestplate"", ""Diamond"", ""Amethyst Shard"", ""Gold Ingot"", ""Rib Armor Trim""]","[""Netherite Helmet""]",{}
stonecutter,"[""Stone""]","[""Stone Stairs""]",{}
stonecutter,"[""Stone""]","[""Stone Slab""]",{}
stonecutter,"[""Stone""]","[""Stone Bricks""]",{}
stonecutter,"[""Stone""]","[""Stone Brick Stairs""]",{}
stonecutter,"[""Stone""]","[""Stone Brick Slab""]",{}
stonecutter,"[""Stone""]","[""Stone Brick Wall""]",{}
stonecutter,"[""Stone""]","[""Chiseled Stone Bricks""]",{}
stonecutter,"[""Cobblestone""]","[""Cobblestone Stairs""]",{}
stonecutter,"[""Cobblestone""]","[""Cobblestone Slab""]",{}
stonecutter,"[""Cobblestone""]","[""Cobblestone Wall""]",{}
stonecutter,"[""Mossy Cobblestone""]","[""Mossy Cobblestone Stairs""]",{}
stonecutter,"[""Mossy Cobblestone""]","[""Mossy Cobblestone Slab""]",{}
stonecutter,"[""Mossy Cobblestone""]","[""Mossy Cobblestone Wall""]",{}
stonecutter,"[""Smooth Stone""]","[""Smooth Stone Slab""]",{}
stonecutter,"[""Stone Bricks""]","[""Stone Brick Stairs""]",{}
stonecutter,"[""Stone Bricks""]","[""Stone Brick Slab""]",{}
stonecutter,"[""Stone Bricks""]","[""Stone Brick Wall""]",{}
stonecutter,"[""Stone Bricks""]","[""Chiseled Stone Bricks""]",{}
stonecutter,"[""Mossy Stone Bricks""]","[""Mossy Stone Brick Stairs""]",{}
stonecutter,"[""Mossy Stone Bricks""]","[""Mossy Stone Brick Slab""]",{}
stonecutter,"[""Mossy Stone Bricks""]","[""Mossy Stone Brick Wall""]",{}
stonecutter,"[""Granite""]","[""Granite Stairs""]",{}
stonecutter,"[""Granite""]","[""Granite Slab""]",{}
stonecutter,"[""Granite""]","[""Granite Wall""]",{}
stonecutter,"[""Granite""]","[""Polished Granite""]",{}
stonecutter,"[""Granite""]","[""Polished Granite Stairs""]",{}
stonecutter,"[""Granite""]","[""Polished Granite Slab""]",{}
stonecutter,"[""Polished Granite""]","[""Polished Granite Stairs""]",{}
stonecutter,"[""Polished Granite""]","[""Polished Granite Slab""]",{}
stonecutter,"[""Diorite""]","[""Diorite Stairs""]",{}
stonecutter,"[""Diorite""]","[""Diorite Slab""]",{}
stonecutter,"[""Diorite""]","[""Diorite Wall""]",{}
stonecutter,"[""Diorite""]","[""Polished Diorite""]",{}
stonecutter,"[""Diorite""]","[""Polished Diorite Stairs""]",{}
stonecutter,"[""Diorite""]","[""Polished Diorite Slab""]",{}
stonecutter,"[""Polished Diorite""]","[""Polished Diorite Stairs""]",{}
stonecutter,"[""Polished Diorite""]","[""Polished Diorite Slab""]",{}
stonecutter,"[""Andesite""]","[""Andesite Stairs""]",{}
stonecutter,"[""Andesite""]","[""Andesite Slab""]",{}
stonecutter,"[""Andesite""]","[""Andesite Wall""]",{}
stonecutter,"[""Andesite""]","[""Polished Andesite""]",{}
stonecutter,"[""Andesite""]","[""Polished Andesite Stairs""]",{}
stonecutter,"[""Andesite""]","[""Polished Andesite Slab""]",{}
stonecutter,"[""Polished Andesite""]","[""Polished Andesite Stairs""]",{}
stonecutter,"[""Polished Andesite""]","[""Polished Andesite Slab""]",{}
stonecutter,"[""Cobbled Deepslate""]","[""Cobbled Deepslate Stairs""]",{}
stonecutter,"[""Cobbled Deepslate""]","[""Cobbled Deepslate Slab""]",{}
stonecutter,"[""Cobbled Deepslate""]","[""Cobbled Deepslate Wall""]",{}
stonecutter,"[""Cobbled Deepslate""]","[""Chiseled Deepslate""]",{}
stonecutter,"[""Cobbled Deepslate""]","[""Polished Deepslate""]",{}
stonecutter,"[""Cobbled Deepslate""]","[""Polished Deepslate Stairs""]",{}
stonecutter,"[""Cobbled Deepslate""]","[""Polished Deepslate Slab""]",{}
stonecutter,"[""Cobbled Deepslate""]","[""Polished Deepslate Wall""]",{}
stonecutter,"[""Cobbled Deepslate""]","[""Deepslate Bricks""]",{}
stonecutter,"[""Cobbled Deepslate""]","[""Deepslate Brick Stairs""]",{}
stonecutter,"[""Cobbled Deepslate""]","[""Deepslate Brick Slab""]",{}
stonecutter,"[""Cobbled Deepslate""]","[""Deepslate Brick Wall""]",{}
stonecutter,"[""Cobbled Deepslate""]","[""Deepslate Tiles""]",{}
stonecutter,"[""Cobbled Deepslate""]","[""Deepslate Tile Stairs""]",{}
stonecutter,"[""Cobbled Deepslate""]","[""Deepslate Tile Slab""]",{}
stonecutter,"[""Cobbled Deepslate""]","[""Deepslate Tile Wall""]",{}
stonecutter,"[""Polished Deepslate""]","[""Polished Deepslate Stairs""]",{}
stonecutter,"[""Polished Deepslate""]","[""Polished Deepslate Slab""]",{}
stonecutter,"[""Polished Deepslate""]","[""Polished Deepslate Wall""]",{}
stonecutter,"[""Polished Deepslate""]","[""Deepslate Bricks""]",{}
stonecutter,"[""Polished Deepslate""]","[""Deepslate Brick Stairs""]",{}
stonecutter,"[""Polished Deepslate""]","[""Deepslate Brick Slab""]",{}
stonecutter,"[""Polished Deepslate""]","[""Deepslate Brick Wall""]",{}
stonecutter,"[""Polished Deepslate""]","[""Deepslate Tiles""]",{}
stonecutter,"[""Polished Deepslate""]","[""Deepslate Tile Stairs""]",{}
stonecutter,"[""Polished Deepslate""]","[""Deepslate Tile Slab""]",{}
stonecutter,"[""Polished Deepslate""]","[""Deepslate Tile Wall""]",{}
stonecutter,"[""Deepslate Bricks""]","[""Deepslate Brick Stairs""]",{}
stonecutter,"[""Deepslate Bricks""]","[""Deepslate Brick Slab""]",{}
stonecutter,"[""Deepslate Bricks""]","[""Deepslate Brick Wall""]",{}
stonecutter,"[""Deepslate Bricks""]","[""Deepslate Tiles""]",{}
stonecutter,"[""Deepslate Bricks""]","[""Deepslate Tile Stairs""]",{}
stonecutter,"[""Deepslate Bricks""]","[""Deepslate Tile Slab""]",{}
stonecutter,"[""Deepslate Bricks""]","[""Deepslate Tile Wall""]",{}
stonecutter,"[""Deepslate Tiles""]","[""Deepslate Tile Stairs""]",{}
stonecutter,"[""Deepslate Tiles""]","[""Deepslate Tile Slab""]",{}
stonecutter,"[""Deepslate Tiles""]","[""Deepslate Tile Wall""]",{}
stonecutter,"[""Tuff""]","[""Tuff Stairs""]",{}
stonecutter,"[""Tuff""]","[""Tuff Slab""]",{}
stonecutter,"[""Tuff""]","[""Tuff Wall""]",{}
stonecutter,"[""Tuff""]","[""Chiseled Tuff""]",{}
stonecutter,"[""Tuff""]","[""Polished Tuff""]",{}
stonecutter,"[""Tuff""]","[""Polished Tuff Stairs""]",{}
stonecutter,"[""Tuff""]","[""Polished Tuff Slab""]",{}
stonecutter,"[""Tuff""]","[""Polished Tuff Wall""]",{}
stonecutter,"[""Tuff""]","[""Tuff Bricks""]",{}
stonecutter,"[""Tuff""]","[""Tuff Brick Stairs""]",{}
stonecutter,"[""Tuff""]","[""Tuff Brick Slab""]",{}
stonecutter,"[""Tuff""]","[""Tuff Brick Wall""]",{}
stonecutter,"[""Tuff""]","[""Chiseled Tuff Bricks""]",{}
stonecutter,"[""Polished Tuff""]","[""Polished Tuff Stairs""]",{}
stonecutter,"[""Polished Tuff""]","[""Polished Tuff Slab""]",{}
stonecutter,"[""Polished Tuff""]","[""Polished Tuff Wall""]",{}
stonecutter,"[""Polished Tuff""]","[""Tuff Bricks""]",{}
stonecutter,"[""Polished Tuff""]","[""Tuff Brick Stairs""]",{}
stonecutter,"[""Polished Tuff""]","[""Tuff Brick Slab""]",{}
stonecutter,"[""Polished Tuff""]","[""Tuff Brick Wall""]",{}
stonecutter,"[""Polished Tuff""]","[""Chiseled Tuff Bricks""]",{}
stonecutter,"[""Tuff Bricks""]","[""Tuff Bricks""]",{}
stonecutter,"[""Tuff Bricks""]","[""Tuff Brick Stairs""]",{}
stonecutter,"[""Tuff Bricks""]","[""Tuff Brick Slab""]",{}
stonecutter,"[""Tuff Bricks""]","[""Tuff Brick Wall""]",{}
stonecutter,"[""Tuff Bricks""]","[""Chiseled Tuff Bricks""]",{}
stonecutter,"[""Bricks""]","[""Brick Stairs""]",{}
stonecutter,"[""Bricks""]","[""Brick Slab""]",{}
stonecutter,"[""Bricks""]","[""Brick Wall""]",{}
stonecutter,"[""Mud Bricks""]","[""Mud Brick Stairs""]",{}
stonecutter,"[""Mud Bricks""]","[""Mud Brick Slab""]",{}
stonecutter,"[""Mud Bricks""]","[""Mud Brick Wall""]",{}
stonecutter,"[""Resin Bricks""]","[""Resin Brick Slab""]",{}
stonecutter,"[""Resin Bricks""]","[""Resin Brick Stairs""]",{}
stonecutter,"[""Resin Bricks""]","[""Resin Brick Wall""]",{}
stonecutter,"[""Resin Bricks""]","[""Chiseled Resin Bricks""]",{}
stonecutter,"[""Sandstone""]","[""Sandstone Stairs""]",{}
stonecutter,"[""Sandstone""]","[""Sandstone Slab""]",{}
stonecutter,"[""Sandstone""]","[""Sandstone Wall""]",{}
stonecutter,"[""Sandstone""]","[""Chiseled Sandstone""]",{}
stonecutter,"[""Sandstone""]","[""Cut Sandstone""]",{}
stonecutter,"[""Smooth Sandstone""]","[""Smooth Sandstone Stairs""]",{}
stonecutter,"[""Smooth Sandstone""]","[""Smooth Sandstone Slab""]",{}
stonecutter,"[""Cut Sandstone"", ""Sandstone""]","[""Cut Sandstone Slab""]",{}
stonecutter,"[""Red Sandstone""]","[""Red Sandstone Stairs""]",{}
stonecutter,"[""Red Sandstone""]","[""Red Sandstone Slab""]",{}
stonecutter,"[""Red Sandstone""]","[""Red Sandstone Wall""]",{}
stonecutter,"[""Red Sandstone""]","[""Chiseled Red Sandstone""]",{}
stonecutter,"[""Red Sandstone""]","[""Cut Red Sandstone""]",{}
stonecutter,"[""Smooth Red Sandstone""]","[""Smooth Red Sandstone Stairs""]",{}
stonecutter,"[""Smooth Red Sandstone""]","[""Smooth Red Sandstone Slab""]",{}
stonecutter,"[""Cut Red Sandstone"", ""Red Sandstone""]","[""Cut Red Sandstone Slab""]",{}
stonecutter,"[""Prismarine""]","[""Prismarine Stairs""]",{}
stonecutter,"[""Prismarine""]","[""Prismarine Slab""]",{}
stonecutter,"[""Prismarine""]","[""Prismarine Wall""]",{}
stonecutter,"[""Prismarine Bricks""]","[""Prismarine Brick Stairs""]",{}
stonecutter,"[""Prismarine Bricks""]","[""Prismarine Brick Slab""]",{}
stonecutter,"[""Dark Prismarine""]","[""Dark Prismarine Stairs""]",{}
stonecutter,"[""Dark Prismarine""]","[""Dark Prismarine Slab""]",{}
stonecutter,"[""Nether Bricks""]","[""Nether Brick Stairs""]",{}
stonecutter,"[""Nether Bricks""]","[""Nether Brick Slab""]",{}
stonecutter,"[""Nether Bricks""]","[""Nether Brick Wall""]",{}
stonecutter,"[""Nether Bricks""]","[""Chiseled Nether Bricks""]",{}
stonecutter,"[""Red Nether Bricks""]","[""Red Nether Brick Stairs""]",{}
stonecutter,"[""Red Nether Bricks""]","[""Red Nether Brick Slab""]",{}
stonecutter,"[""Red Nether Bricks""]","[""Red Nether Brick Wall""]",{}
stonecutter,"[""Basalt""]","[""Polished Basalt""]",{}
stonecutter,"[""Blackstone""]","[""Blackstone Stairs""]",{}
stonecutter,"[""Blackstone""]","[""Blackstone Slab""]",{}
stonecutter,"[""Blackstone""]","[""Blackstone Wall""]",{}
stonecutter,"[""Blackstone""]","[""Chiseled Polished Blackstone""]",{}
stonecutter,"[""Blackstone""]","[""Polished Blackstone""]",{}
stonecutter,"[""Blackstone""]","[""Polished Blackstone Stairs""]",{}
stonecutter,"[""Blackstone""]","[""Polished Blackstone Slab""]",{}
stonecutter,"[""Blackstone""]","[""Polished Blackstone Wall""]",{}
stonecutter,"[""Blackstone""]","[""Polished Blackstone Bricks""]",{}
stonecutter,"[""Blackstone""]","[""Polished Blackstone Brick Stairs""]",{}
stonecutter,"[""Blackstone""]","[""Polished Blackstone Brick Slab""]",{}
stonecutter,"[""Blackstone""]","[""Polished Blackstone Brick Wall""]",{}
stonecutter,"[""Polished Blackstone""]","[""Chiseled Polished Blackstone""]",{}
stonecutter,"[""Polished Blackstone""]","[""Polished Blackstone Stairs""]",{}
stonecutter,"[""Polished Blackstone""]","[""Polished Blackstone Slab""]",{}
stonecutter,"[""Polished Blackstone""]","[""Polished Blackstone Wall""]",{}
stonecutter,"[""Polished Blackstone""]","[""Polished Blackstone Bricks""]",{}
stonecutter,"[""Polished Blackstone""]","[""Polished Blackstone Brick Stairs""]",{}
stonecutter,"[""Polished Blackstone""]","[""Polished Blackstone Brick Slab""]",{}
stonecutter,"[""Polished Blackstone""]","[""Polished Blackstone Brick Wall""]",{}
stonecutter,"[""Polished Blackstone Bricks""]","[""Polished Blackstone Brick Stairs""]",{}
stonecutter,"[""Polished Blackstone Bricks""]","[""Polished Blackstone Brick Slab""]",{}
stonecutter,"[""Polished Blackstone Bricks""]","[""Polished Blackstone Brick Wall""]",{}
stonecutter,"[""End Stone""]","[""End Stone Bricks""]",{}
stonecutter,"[""End Stone""]","[""End Stone Brick Stairs""]",{}
stonecutter,"[""End Stone""]","[""End Stone Brick Slab""]",{}
stonecutter,"[""End Stone""]","[""End Stone Brick Wall""]",{}
stonecutter,"[""End Stone Bricks""]","[""End Stone Brick Stairs""]",{}
stonecutter,"[""End Stone Bricks""]","[""End Stone Brick Slab""]",{}
stonecutter,"[""End Stone Bricks""]","[""End Stone Brick Wall""]",{}
stonecutter,"[""Purpur Block""]","[""Purpur Pillar""]",{}
stonecutter,"[""Purpur Block""]","[""Purpur Stairs""]",{}
stonecutter,"[""Purpur Block""]","[""Purpur Slab""]",{}
stonecutter,"[""Block of Quartz""]","[""Quartz Stairs""]",{}
stonecutter,"[""Block of Quartz""]","[""Quartz Slab""]",{}
stonecutter,"[""Block of Quartz""]","[""Chiseled Quartz Block""]",{}
stonecutter,"[""Block of Quartz""]","[""Quartz Bricks""]",{}
stonecutter,"[""Block of Quartz""]","[""Quartz Pillar""]",{}
stonecutter,"[""Smooth Quartz""]","[""Smooth Quartz Stairs""]",{}
stonecutter,"[""Smooth Quartz""]","[""Smooth Quartz Slab""]",{}
stonecutter,"[""Block of Copper"", ""Waxed Block of Copper"", ""Waxed Oxidized Copper"", ""Oxidized Copper"", ""Weathered Copper"", ""Waxed Exposed Copper"", ""Exposed Copper"", ""Waxed Weathered Copper""]","[""Copper Grate""]",{}
stonecutter,"[""Block of Copper"", ""Waxed Block of Copper"", ""Waxed Oxidized Copper"", ""Oxidized Copper"", ""Weathered Copper"", ""Waxed Exposed Copper"", ""Exposed Copper"", ""Waxed Weathered Copper""]","[""Exposed Copper Grate""]",{}
stonecutter,"[""Block of Copper"", ""Waxed Block of Copper"", ""Waxed Oxidized Copper"", ""Oxidized Copper"", ""Weathered Copper"", ""Waxed Exposed Copper"", ""Exposed Copper"", ""Waxed Weathered Copper""]","[""Weathered Copper Grate""]",{}
stonecutter,"[""Block of Copper"", ""Waxed Block of Copper"", ""Waxed Oxidized Copper"", ""Oxidized Copper"", ""Weathered Copper"", ""Waxed Exposed Copper"", ""Exposed Copper"", ""Waxed Weathered Copper""]","[""Oxidized Copper Grate""]",{}
stonecutter,"[""Block of Copper"", ""Waxed Block of Copper"", ""Waxed Oxidized Copper"", ""Oxidized Copper"", ""Weathered Copper"", ""Waxed Exposed Copper"", ""Exposed Copper"", ""Waxed Weathered Copper""]","[""Cut Copper""]",{}
stonecutter,"[""Block of Copper"", ""Waxed Block of Copper"", ""Waxed Oxidized Copper"", ""Oxidized Copper"", ""Weathered Copper"", ""Waxed Exposed Copper"", ""Exposed Copper"", ""Waxed Weathered Copper""]","[""Exposed Cut Copper""]",{}
stonecutter,"[""Block of Copper"", ""Waxed Block of Copper"", ""Waxed Oxidized Copper"", ""Oxidized Copper"", ""Weathered Copper"", ""Waxed Exposed Copper"", ""Exposed Copper"", ""Waxed Weathered Copper""]","[""Weathered Cut Copper""]",{}
stonecutter,"[""Block of Copper"", ""Waxed Block of Copper"", ""Waxed Oxidized Copper"", ""Oxidized Copper"", ""Weathered Copper"", ""Waxed Exposed Copper"", ""Exposed Copper"", ""Waxed Weathered Copper""]","[""Oxidized Cut Copper""]",{}
stonecutter,"[""Block of Copper"", ""Waxed Block of Copper"", ""Waxed Oxidized Copper"", ""Oxidized Copper"", ""Weathered Copper"", ""Waxed Exposed Copper"", ""Exposed Copper"", ""Waxed Weathered Copper""]","[""Waxed Copper Grate""]",{}
stonecutter,"[""Block of Copper"", ""Waxed Block of Copper"", ""Waxed Oxidized Copper"", ""Oxidized Copper"", ""Weathered Copper"", ""Waxed Exposed Copper"", ""Exposed Copper"", ""Waxed Weathered Copper""]","[""Waxed Exposed Copper Grate""]",{}
stonecutter,"[""Block of Copper"", ""Waxed Block of Copper"", ""Waxed Oxidized Copper"", ""Oxidized Copper"", ""Weathered Copper"", ""Waxed Exposed Copper"", ""Exposed Copper"", ""Waxed Weathered Copper""]","[""Waxed Weathered Copper Grate""]",{}
stonecutter,"[""Block of Copper"", ""Waxed Block of Copper"", ""Waxed Oxidized Copper"", ""Oxidized Copper"", ""Weathered Copper"", ""Waxed Exposed Copper"", ""Exposed Copper"", ""Waxed Weathered Copper""]","[""Waxed Oxidized Copper Grate""]",{}
stonecutter,"[""Block of Copper"", ""Waxed Block of Copper"", ""Waxed Oxidized Copper"", ""Oxidized Copper"", ""Weathered Copper"", ""Waxed Exposed Copper"", ""Exposed Copper"", ""Waxed Weathered Copper""]","[""Waxed Cut Copper""]",{}
stonecutter,"[""Block of Copper"", ""Waxed Block of Copper"", ""Waxed Oxidized Copper"", ""Oxidized Copper"", ""Weathered Copper"", ""Waxed Exposed Copper"", ""Exposed Copper"", ""Waxed Weathered Copper""]","[""Waxed Exposed Cut Copper""]",{}
stonecutter,"[""Block of Copper"", ""Waxed Block of Copper"", ""Waxed Oxidized Copper"", ""Oxidized Copper"", ""Weathered Copper"", ""Waxed Exposed Copper"", ""Exposed Copper"", ""Waxed Weathered Copper""]","[""Waxed Weathered Cut Copper""]",{}
stonecutter,"[""Block of Copper"", ""Waxed Block of Copper"", ""Waxed Oxidized Copper"", ""Oxidized Copper"", ""Weathered Copper"", ""Waxed Exposed Copper"", ""Exposed Copper"", ""Waxed Weathered Copper""]","[""Waxed Oxidized Cut Copper""]",{}
stonecutter,"[""Block of Copper"", ""Waxed Block of Copper"", ""Waxed Oxidized Copper"", ""Oxidized Copper"", ""Weathered Copper"", ""Waxed Exposed Copper"", ""Exposed Copper"", ""Waxed Weathered Copper""]","[""Chiseled Copper""]",{}
stonecutter,"[""Block of Copper"", ""Waxed Block of Copper"", ""Waxed Oxidized Copper"", ""Oxidized Copper"", ""Weathered Copper"", ""Waxed Exposed Copper"", ""Exposed Copper"", ""Waxed Weathered Copper""]","[""Exposed Chiseled Copper""]",{}
stonecutter,"[""Block of Copper"", ""Waxed Block of Copper"", ""Waxed Oxidized Copper"", ""Oxidized Copper"", ""Weathered Copper"", ""Waxed Exposed Copper"", ""Exposed Copper"", ""Waxed Weathered Copper""]","[""Weathered Chiseled Copper""]",{}
stonecutter,"[""Block of Copper"", ""Waxed Block of Copper"", ""Waxed Oxidized Copper"", ""Oxidized Copper"", ""Weathered Copper"", ""Waxed Exposed Copper"", ""Exposed Copper"", ""Waxed Weathered Copper""]","[""Oxidized Chiseled Copper""]",{}
stonecutter,"[""Block of Copper"", ""Waxed Block of Copper"", ""Waxed Oxidized Copper"", ""Oxidized Copper"", ""Weathered Copper"", ""Waxed Exposed Copper"", ""Exposed Copper"", ""Waxed Weathered Copper""]","[""Cut Copper Slab""]",{}
stonecutter,"[""Block of Copper"", ""Waxed Block of Copper"", ""Waxed Oxidized Copper"", ""Oxidized Copper"", ""Weathered Copper"", ""Waxed Exposed Copper"", ""Exposed Copper"", ""Waxed Weathered Copper""]","[""Exposed Cut Copper Slab""]",{}
stonecutter,"[""Block of Copper"", ""Waxed Block of Copper"", ""Waxed Oxidized Copper"", ""Oxidized Copper"", ""Weathered Copper"", ""Waxed Exposed Copper"", ""Exposed Copper"", ""Waxed Weathered Copper""]","[""Weathered Cut Copper Slab""]",{}
stonecutter,"[""Block of Copper"", ""Waxed Block of Copper"", ""Waxed Oxidized Copper"", ""Oxidized Copper"", ""Weathered Copper"", ""Waxed Exposed Copper"", ""Exposed Copper"", ""Waxed Weathered Copper""]","[""Oxidized Cut Copper Slab""]",{}
stonecutter,"[""Block of Copper"", ""Waxed Block of Copper"", ""Waxed Oxidized Copper"", ""Oxidized Copper"", ""Weathered Copper"", ""Waxed Exposed Copper"", ""Exposed Copper"", ""Waxed Weathered Copper""]","[""Cut Copper Stairs""]",{}
stonecutter,"[""Block of Copper"", ""Waxed Block of Copper"", ""Waxed Oxidized Copper"", ""Oxidized Copper"", ""Weathered Copper"", ""Waxed Exposed Copper"", ""Exposed Copper"", ""Waxed Weathered Copper""]","[""Exposed Cut Copper Stairs""]",{}
stonecutter,"[""Block of Copper"", ""Waxed Block of Copper"", ""Waxed Oxidized Copper"", ""Oxidized Copper"", ""Weathered Copper"", ""Waxed Exposed Copper"", ""Exposed Copper"", ""Waxed Weathered Copper""]","[""Weathered Cut Copper Stairs""]",{}
stonecutter,"[""Block of Copper"", ""Waxed Block of Copper"", ""Waxed Oxidized Copper"", ""Oxidized Copper"", ""Weathered Copper"", ""Waxed Exposed Copper"", ""Exposed Copper"", ""Waxed Weathered Copper""]","[""Oxidized Cut Copper Stairs""]",{}
stonecutter,"[""Block of Copper"", ""Waxed Block of Copper"", ""Waxed Oxidized Copper"", ""Oxidized Copper"", ""Weathered Copper"", ""Waxed Exposed Copper"", ""Exposed Copper"", ""Waxed Weathered Copper""]","[""Waxed Chiseled Copper""]",{}
stonecutter,"[""Block of Copper"", ""Waxed Block of Copper"", ""Waxed Oxidized Copper"", ""Oxidized Copper"", ""Weathered Copper"", ""Waxed Exposed Copper"", ""Exposed Copper"", ""Waxed Weathered Copper""]","[""Waxed Exposed Chiseled Copper""]",{}
stonecutter,"[""Block of Copper"", ""Waxed Block of Copper"", ""Waxed Oxidized Copper"", ""Oxidized Copper"", ""Weathered Copper"", ""Waxed Exposed Copper"", ""Exposed Copper"", ""Waxed Weathered Copper""]","[""Waxed Weathered Chiseled Copper""]",{}
stonecutter,"[""Block of Copper"", ""Waxed Block of Copper"", ""Waxed Oxidized Copper"", ""Oxidized Copper"", ""Weathered Copper"", ""Waxed Exposed Copper"", ""Exposed Copper"", ""Waxed Weathered Copper""]","[""Waxed Oxidized Chiseled Copper""]",{}
stonecutter,"[""Block of Copper"", ""Waxed Block of Copper"", ""Waxed Oxidized Copper"", ""Oxidized Copper"", ""Weathered Copper"", ""Waxed Exposed Copper"", ""Exposed Copper"", ""Waxed Weathered Copper""]","[""Waxed Cut Copper Slab""]",{}
stonecutter,"[""Block of Copper"", ""Waxed Block of Copper"", ""Waxed Oxidized Copper"", ""Oxidized Copper"", ""Weathered Copper"", ""Waxed Exposed Copper"", ""Exposed Copper"", ""Waxed Weathered Copper""]","[""Waxed Exposed Cut Copper Slab""]",{}
stonecutter,"[""Block of Copper"", ""Waxed Block of Copper"", ""Waxed Oxidized Copper"", ""Oxidized Copper"", ""Weathered Copper"", ""Waxed Exposed Copper"", ""Exposed Copper"", ""Waxed Weathered Copper""]","[""Waxed Weathered Cut Copper Slab""]",{}
stonecutter,"[""Block of Copper"", ""Waxed Block of Copper"", ""Waxed Oxidized Copper"", ""Oxidized Copper"", ""Weathered Copper"", ""Waxed Exposed Copper"", ""Exposed Copper"", ""Waxed Weathered Copper""]","[""Waxed Oxidized Cut Copper Slab""]",{}
stonecutter,"[""Block of Copper"", ""Waxed Block of Copper"", ""Waxed Oxidized Copper"", ""Oxidized Copper"", ""Weathered Copper"", ""Waxed Exposed Copper"", ""Exposed Copper"", ""Waxed Weathered Copper""]","[""Waxed Cut Copper Stairs""]",{}
stonecutter,"[""Block of Copper"", ""Waxed Block of Copper"", ""Waxed Oxidized Copper"", ""Oxidized Copper"", ""Weathered Copper"", ""Waxed Exposed Copper"", ""Exposed Copper"", ""Waxed Weathered Copper""]","[""Waxed Exposed Cut Copper Stairs""]",{}
stonecutter,"[""Block of Copper"", ""Waxed Block of Copper"", ""Waxed Oxidized Copper"", ""Oxidized Copper"", ""Weathered Copper"", ""Waxed Exposed Copper"", ""Exposed Copper"", ""Waxed Weathered Copper""]","[""Waxed Weathered Cut Copper Stairs""]",{}
stonecutter,"[""Block of Copper"", ""Waxed Block of Copper"", ""Waxed Oxidized Copper"", ""Oxidized Copper"", ""Weathered Copper"", ""Waxed Exposed Copper"", ""Exposed Copper"", ""Waxed Weathered Copper""]","[""Waxed Oxidized Cut Copper Stairs""]",{}
stonecutter,"[""Weathered Cut Copper"", ""Waxed Oxidized Cut Copper"", ""Waxed Weathered Cut Copper"", ""Waxed Exposed Cut Copper"", ""Waxed Cut Copper"", ""Exposed Cut Copper"", ""Oxidized Cut Copper"", ""Cut Copper""]","[""Chiseled Copper""]",{}
stonecutter,"[""Weathered Cut Copper"", ""Waxed Oxidized Cut Copper"", ""Waxed Weathered Cut Copper"", ""Waxed Exposed Cut Copper"", ""Waxed Cut Copper"", ""Exposed Cut Copper"", ""Oxidized Cut Copper"", ""Cut Copper""]","[""Exposed Chiseled Copper""]",{}
stonecutter,"[""Weathered Cut Copper"", ""Waxed Oxidized Cut Copper"", ""Waxed Weathered Cut Copper"", ""Waxed Exposed Cut Copper"", ""Waxed Cut Copper"", ""Exposed Cut Copper"", ""Oxidized Cut Copper"", ""Cut Copper""]","[""Weathered Chiseled Copper""]",{}
stonecutter,"[""Weathered Cut Copper"", ""Waxed Oxidized Cut Copper"", ""Waxed Weathered Cut Copper"", ""Waxed Exposed Cut Copper"", ""Waxed Cut Copper"", ""Exposed Cut Copper"", ""Oxidized Cut Copper"", ""Cut Copper""]","[""Oxidized Chiseled Copper""]",{}
stonecutter,"[""Weathered Cut Copper"", ""Waxed Oxidized Cut Copper"", ""Waxed Weathered Cut Copper"", ""Waxed Exposed Cut Copper"", ""Waxed Cut Copper"", ""Exposed Cut Copper"", ""Oxidized Cut Copper"", ""Cut Copper""]","[""Cut Copper Slab""]",{}
stonecutter,"[""Weathered Cut Copper"", ""Waxed Oxidized Cut Copper"", ""Waxed Weathered Cut Copper"", ""Waxed Exposed Cut Copper"", ""Waxed Cut Copper"", ""Exposed Cut Copper"", ""Oxidized Cut Copper"", ""Cut Copper""]","[""Exposed Cut Copper Slab""]",{}
stonecutter,"[""Weathered Cut Copper"", ""Waxed Oxidized Cut Copper"", ""Waxed Weathered Cut Copper"", ""Waxed Exposed Cut Copper"", ""Waxed Cut Copper"", ""Exposed Cut Copper"", ""Oxidized Cut Copper"", ""Cut Copper""]","[""Weathered Cut Copper Slab""]",{}
stonecutter,"[""Weathered Cut Copper"", ""Waxed Oxidized Cut Copper"", ""Waxed Weathered Cut Copper"", ""Waxed Exposed Cut Copper"", ""Waxed Cut Copper"", ""Exposed Cut Copper"", ""Oxidized Cut Copper"", ""Cut Copper""]","[""Oxidized Cut Copper Slab""]",{}
stonecutter,"[""Weathered Cut Copper"", ""Waxed Oxidized Cut Copper"", ""Waxed Weathered Cut Copper"", ""Waxed Exposed Cut Copper"", ""Waxed Cut Copper"", ""Exposed Cut Copper"", ""Oxidized Cut Copper"", ""Cut Copper""]","[""Cut Copper Stairs""]",{}
stonecutter,"[""Weathered Cut Copper"", ""Waxed Oxidized Cut Copper"", ""Waxed Weathered Cut Copper"", ""Waxed Exposed Cut Copper"", ""Waxed Cut Copper"", ""Exposed Cut Copper"", ""Oxidized Cut Copper"", ""Cut Copper""]","[""Exposed Cut Copper Stairs""]",{}
stonecutter,"[""Weathered Cut Copper"", ""Waxed Oxidized Cut Copper"", ""Waxed Weathered Cut Copper"", ""Waxed Exposed Cut Copper"", ""Waxed Cut Copper"", ""Exposed Cut Copper"", ""Oxidized Cut Copper"", ""Cut Copper""]","[""Weathered Cut Copper Stairs""]",{}
stonecutter,"[""Weathered Cut Copper"", ""Waxed Oxidized Cut Copper"", ""Waxed Weathered Cut Copper"", ""Waxed Exposed Cut Copper"", ""Waxed Cut Copper"", ""Exposed Cut Copper"", ""Oxidized Cut Copper"", ""Cut Copper""]","[""Oxidized Cut Copper Stairs""]",{}
stonecutter,"[""Weathered Cut Copper"", ""Waxed Oxidized Cut Copper"", ""Waxed Weathered Cut Copper"", ""Waxed Exposed Cut Copper"", ""Waxed Cut Copper"", ""Exposed Cut Copper"", ""Oxidized Cut Copper"", ""Cut Copper""]","[""Waxed Chiseled Copper""]",{}
stonecutter,"[""Weathered Cut Copper"", ""Waxed Oxidized Cut Copper"", ""Waxed Weathered Cut Copper"", ""Waxed Exposed Cut Copper"", ""Waxed Cut Copper"", ""Exposed Cut Copper"", ""Oxidized Cut Copper"", ""Cut Copper""]","[""Waxed Exposed Chiseled Copper""]",{}
stonecutter,"[""Weathered Cut Copper"", ""Waxed Oxidized Cut Copper"", ""Waxed Weathered Cut Copper"", ""Waxed Exposed Cut Copper"", ""Waxed Cut Copper"", ""Exposed Cut Copper"", ""Oxidized Cut Copper"", ""Cut Copper""]","[""Waxed Weathered Chiseled Copper""]",{}
stonecutter,"[""Weathered Cut Copper"", ""Waxed Oxidized Cut Copper"", ""Waxed Weathered Cut Copper"", ""Waxed Exposed Cut Copper"", ""Waxed Cut Copper"", ""Exposed Cut Copper"", ""Oxidized Cut Copper"", ""Cut Copper""]","[""Waxed Oxidized Chiseled Copper""]",{}
stonecutter,"[""Weathered Cut Copper"", ""Waxed Oxidized Cut Copper"", ""Waxed Weathered Cut Copper"", ""Waxed Exposed Cut Copper"", ""Waxed Cut Copper"", ""Exposed Cut Copper"", ""Oxidized Cut Copper"", ""Cut Copper""]","[""Waxed Cut Copper Slab""]",{}
stonecutter,"[""Weathered Cut Copper"", ""Waxed Oxidized Cut Copper"", ""Waxed Weathered Cut Copper"", ""Waxed Exposed Cut Copper"", ""Waxed Cut Copper"", ""Exposed Cut Copper"", ""Oxidized Cut Copper"", ""Cut Copper""]","[""Waxed Exposed Cut Copper Slab""]",{}
stonecutter,"[""Weathered Cut Copper"", ""Waxed Oxidized Cut Copper"", ""Waxed Weathered Cut Copper"", ""Waxed Exposed Cut Copper"", ""Waxed Cut Copper"", ""Exposed Cut Copper"", ""Oxidized Cut Copper"", ""Cut Copper""]","[""Waxed Weathered Cut Copper Slab""]",{}
stonecutter,"[""Weathered Cut Copper"", ""Waxed Oxidized Cut Copper"", ""Waxed Weathered Cut Copper"", ""Waxed Exposed Cut Copper"", ""Waxed Cut Copper"", ""Exposed Cut Copper"", ""Oxidized Cut Copper"", ""Cut Copper""]","[""Waxed Oxidized Cut Copper Slab""]",{}
stonecutter,"[""Weathered Cut Copper"", ""Waxed Oxidized Cut Copper"", ""Waxed Weathered Cut Copper"", ""Waxed Exposed Cut Copper"", ""Waxed Cut Copper"", ""Exposed Cut Copper"", ""Oxidized Cut Copper"", ""Cut Copper""]","[""Waxed Cut Copper Stairs""]",{}
stonecutter,"[""Weathered Cut Copper"", ""Waxed Oxidized Cut Copper"", ""Waxed Weathered Cut Copper"", ""Waxed Exposed Cut Copper"", ""Waxed Cut Copper"", ""Exposed Cut Copper"", ""Oxidized Cut Copper"", ""Cut Copper""]","[""Waxed Exposed Cut Copper Stairs""]",{}
stonecutter,"[""Weathered Cut Copper"", ""Waxed Oxidized Cut Copper"", ""Waxed Weathered Cut Copper"", ""Waxed Exposed Cut Copper"", ""Waxed Cut Copper"", ""Exposed Cut Copper"", ""Oxidized Cut Copper"", ""Cut Copper""]","[""Waxed Weathered Cut Copper Stairs""]",{}
stonecutter,"[""Weathered Cut Copper"", ""Waxed Oxidized Cut Copper"", ""Waxed Weathered Cut Copper"", ""Waxed Exposed Cut Copper"", ""Waxed Cut Copper"", ""Exposed Cut Copper"", ""Oxidized Cut Copper"", ""Cut Copper""]","[""Waxed Oxidized Cut Copper Stairs""]",{}
crafting,"[""Flint"", ""Iron Ingot""]","[""Flint and Steel""]","{""category"": ""crafting""}"
crafting,"[""String"", ""Stick""]","[""Fishing Rod""]","{""category"": ""crafting""}"
crafting,"[""Stick"", ""Diamond""]","[""Diamond Axe""]","{""category"": ""crafting""}"
crafting,"[""Stick"", ""Diamond""]","[""Diamond Pickaxe""]","{""category"": ""crafting""}"
crafting,"[""Stick"", ""Diamond""]","[""Diamond Hoe""]","{""category"": ""crafting""}"
crafting,"[""Stick"", ""Gold Ingot""]","[""Golden Hoe""]","{""category"": ""crafting""}"
crafting,"[""Stick"", ""Cobblestone""]","[""Stone Hoe""]","{""has_alternatives"": true, ""category"": ""crafting""}"
crafting,"[""Blackstone"", ""Stick""]","[""Stone Hoe""]","{""has_alternatives"": true, ""category"": ""crafting""}"
crafting,"[""Stick"", ""Cobbled Deepslate""]","[""Stone Hoe""]","{""has_alternatives"": true, ""category"": ""crafting""}"
crafting,"[""Stick"", ""Oak Planks""]","[""Wooden Hoe""]","{""has_alternatives"": true, ""category"": ""crafting""}"
crafting,"[""Stick"", ""Spruce Planks""]","[""Wooden Hoe""]","{""has_alternatives"": true, ""category"": ""crafting""}"
crafting,"[""Stick"", ""Birch Planks""]","[""Wooden Hoe""]","{""has_alternatives"": true, ""category"": ""crafting""}"
crafting,"[""Stick"", ""Jungle Planks""]","[""Wooden Hoe""]","{""has_alternatives"": true, ""category"": ""crafting""}"
crafting,"[""Stick"", ""Acacia Planks""]","[""Wooden Hoe""]","{""has_alternatives"": true, ""category"": ""crafting""}"
crafting,"[""Stick"", ""Dark Oak Planks""]","[""Wooden Hoe""]","{""has_alternatives"": true, ""category"": ""crafting""}"
crafting,"[""Stick"", ""Mangrove Planks""]","[""Wooden Hoe""]","{""has_alternatives"": true, ""category"": ""crafting""}"
crafting,"[""Cherry Planks"", ""Stick""]","[""Wooden Hoe""]","{""has_alternatives"": true, ""category"": ""crafting""}"
crafting,"[""Stick"", ""Pale Oak Planks""]","[""Wooden Hoe""]","{""has_alternatives"": true, ""category"": ""crafting""}"
crafting,"[""Bamboo Planks"", ""Stick""]","[""Wooden Hoe""]","{""has_alternatives"": true, ""category"": ""crafting""}"
crafting,"[""Crimson Planks"", ""Stick""]","[""Wooden Hoe""]","{""has_alternatives"": true, ""category"": ""crafting""}"
crafting,"[""Stick"", ""Warped Planks""]","[""Wooden Hoe""]","{""has_alternatives"": true, ""category"": ""crafting""}"
crafting,"[""Stick"", ""Iron Ingot""]","[""Iron Hoe""]","{""category"": ""crafting""}"
crafting,"[""Stick"", ""Iron Ingot""]","[""Iron Pickaxe""]","{""category"": ""crafting""}"
crafting,"[""Stick"", ""Oak Planks""]","[""Wooden Shovel""]","{""has_alternatives"": true, ""category"": ""crafting""}"
crafting,"[""Stick"", ""Spruce Planks""]","[""Wooden Shovel""]","{""has_alternatives"": true, ""category"": ""crafting""}"
crafting,"[""Stick"", ""Birch Planks""]","[""Wooden Shovel""]","{""has_alternatives"": true, ""category"": ""crafting""}"
crafting,"[""Stick"", ""Jungle Planks""]","[""Wooden Shovel""]","{""has_alternatives"": true, ""category"": ""crafting""}"
crafting,"[""Stick"", ""Acacia Planks""]","[""Wooden Shovel""]","{""has_alternatives"": true, ""category"": ""crafting""}"
crafting,"[""Stick"", ""Dark Oak Planks""]","[""Wooden Shovel""]","{""has_alternatives"": true, ""category"": ""crafting""}"
crafting,"[""Stick"", ""Mangrove Planks""]","[""Wooden Shovel""]","{""has_alternatives"": true, ""category"": ""crafting""}"
crafting,"[""Cherry Planks"", ""Stick""]","[""Wooden Shovel""]","{""has_alternatives"": true, ""category"": ""crafting""}"
crafting,"[""Stick"", ""Pale Oak Planks""]","[""Wooden Shovel""]","{""has_alternatives"": true, ""category"": ""crafting""}"
crafting,"[""Bamboo Planks"", ""Stick""]","[""Wooden Shovel""]","{""has_alternatives"": true, ""category"": ""crafting""}"
crafting,"[""Crimson Planks"", ""Stick""]","[""Wooden Shovel""]","{""has_alternatives"": true, ""category"": ""crafting""}"
crafting,"[""Stick"", ""Warped Planks""]","[""Wooden Shovel""]","{""has_alternatives"": true, ""category"": ""crafting""}"
crafting,"[""Stick"", ""Cobblestone""]","[""Stone Shovel""]","{""has_alternatives"": true, ""category"": ""crafting""}"
crafting,"[""Blackstone"", ""Stick""]","[""Stone Shovel""]","{""has_alternatives"": true, ""category"": ""crafting""}"
crafting,"[""Stick"", ""Cobbled Deepslate""]","[""Stone Shovel""]","{""has_alternatives"": true, ""category"": ""crafting""}"
crafting,"[""Stick"", ""Iron Ingot""]","[""Iron Shovel""]","{""category"": ""crafting""}"
crafting,"[""Stick"", ""Diamond""]","[""Diamond Shovel""]","{""category"": ""crafting""}"
crafting,"[""Stick"", ""Cobblestone""]","[""Stone Pickaxe""]","{""has_alternatives"": true, ""category"": ""crafting""}"
crafting,"[""Blackstone"", ""Stick""]","[""Stone Pickaxe""]","{""has_alternatives"": true, ""category"": ""crafting""}"
crafting,"[""Stick"", ""Cobbled Deepslate""]","[""Stone Pickaxe""]","{""has_alternatives"": true, ""category"": ""crafting""}"
crafting,"[""Stick"", ""Oak Planks""]","[""Wooden Pickaxe""]","{""has_alternatives"": true, ""category"": ""crafting""}"
crafting,"[""Stick"", ""Spruce Planks""]","[""Wooden Pickaxe""]","{""has_alternatives"": true, ""category"": ""crafting""}"
crafting,"[""Stick"", ""Birch Planks""]","[""Wooden Pickaxe""]","{""has_alternatives"": true, ""category"": ""crafting""}"
crafting,"[""Stick"", ""Jungle Planks""]","[""Wooden Pickaxe""]","{""has_alternatives"": true, ""category"": ""crafting""}"
crafting,"[""Stick"", ""Acacia Planks""]","[""Wooden Pickaxe""]","{""has_alternatives"": true, ""category"": ""crafting""}"
crafting,"[""Stick"", ""Dark Oak Planks""]","[""Wooden Pickaxe""]","{""has_alternatives"": true, ""category"": ""crafting""}"
crafting,"[""Stick"", ""Mangrove Planks""]","[""Wooden Pickaxe""]","{""has_alternatives"": true, ""category"": ""crafting""}"
crafting,"[""Cherry Planks"", ""Stick""]","[""Wooden Pickaxe""]","{""has_alternatives"": true, ""category"": ""crafting""}"
crafting,"[""Stick"", ""Pale Oak Planks""]","[""Wooden Pickaxe""]","{""has_alternatives"": true, ""category"": ""crafting""}"
crafting,"[""Bamboo Planks"", ""Stick""]","[""Wooden Pickaxe""]","{""has_alternatives"": true, ""category"": ""crafting""}"
crafting,"[""Crimson Planks"", ""Stick""]","[""Wooden Pickaxe""]","{""has_alternatives"": true, ""category"": ""crafting""}"
crafting,"[""Stick"", ""Warped Planks""]","[""Wooden Pickaxe""]","{""has_alternatives"": true, ""category"": ""crafting""}"
crafting,"[""Stick"", ""Oak Planks""]","[""Wooden Axe""]","{""has_alternatives"": true, ""category"": ""crafting""}"
crafting,"[""Stick"", ""Spruce Planks""]","[""Wooden Axe""]","{""has_alternatives"": true, ""category"": ""crafting""}"
crafting,"[""Stick"", ""Birch Planks""]","[""Wooden Axe""]","{""has_alternatives"": true, ""category"": ""crafting""}"
crafting,"[""Stick"", ""Jungle Planks""]","[""Wooden Axe""]","{""has_alternatives"": true, ""category"": ""crafting""}"
crafting,"[""Stick"", ""Acacia Planks""]","[""Wooden Axe""]","{""has_alternatives"": true, ""category"": ""crafting""}"
crafting,"[""Stick"", ""Dark Oak Planks""]","[""Wooden Axe""]","{""has_alternatives"": true, ""category"": ""crafting""}"
crafting,"[""Stick"", ""Mangrove Planks""]","[""Wooden Axe""]","{""has_alternatives"": true, ""category"": ""crafting""}"
crafting,"[""Cherry Planks"", ""Stick""]","[""Wooden Axe""]","{""has_alternatives"": true, ""category"": ""crafting""}"
crafting,"[""Stick"", ""Pale Oak Planks""]","[""Wooden Axe""]","{""has_alternatives"": true, ""category"": ""crafting""}"
crafting,"[""Bamboo Planks"", ""Stick""]","[""Wooden Axe""]","{""has_alternatives"": true, ""category"": ""crafting""}"
crafting,"[""Crimson Planks"", ""Stick""]","[""Wooden Axe""]","{""has_alternatives"": true, ""category"": ""crafting""}"
crafting,"[""Stick"", ""Warped Planks""]","[""Wooden Axe""]","{""has_alternatives"": true, ""category"": ""crafting""}"
crafting,"[""Stick"", ""Cobblestone""]","[""Stone Axe""]","{""has_alternatives"": true, ""category"": ""crafting""}"
crafting,"[""Blackstone"", ""Stick""]","[""Stone Axe""]","{""has_alternatives"": true, ""category"": ""crafting""}"
crafting,"[""Stick"", ""Cobbled Deepslate""]","[""Stone Axe""]","{""has_alternatives"": true, ""category"": ""crafting""}"
crafting,"[""Stick"", ""Iron Ingot""]","[""Iron Axe""]","{""category"": ""crafting""}"
crafting,"[""Iron Ingot""]","[""Shears""]","{""category"": ""crafting""}"
crafting,"[""Stick"", ""Gold Ingot""]","[""Golden Pickaxe""]","{""category"": ""crafting""}"
crafting,"[""Stick"", ""Gold Ingot""]","[""Golden Shovel""]","{""category"": ""crafting""}"
crafting,"[""Stick"", ""Gold Ingot""]","[""Golden Axe""]","{""category"": ""crafting""}"
crafting,"[""Fishing Rod"", ""Carrot""]","[""Carrot on a Stick""]","{""has_alternatives"": true, ""category"": ""crafting""}"
crafting,"[""Warped Fungus"", ""Fishing Rod""]","[""Warped Fungus on a Stick""]","{""has_alternatives"": true, ""category"": ""crafting""}"
crafting,"[""Copper Ingot"", ""Stick"", ""Feather""]","[""Brush""]","{""category"": ""crafting""}"
crafting,"[""Copper Ingot"", ""Stick""]","[""Copper Axe""]","{""category"": ""crafting""}"
crafting,"[""Copper Ingot"", ""Stick""]","[""Copper Hoe""]","{""category"": ""crafting""}"
crafting,"[""Copper Ingot"", ""Stick""]","[""Copper Pickaxe""]","{""category"": ""crafting""}"
crafting,"[""Copper Ingot"", ""Stick""]","[""Copper Shovel""]","{""category"": ""crafting""}"
crafting,"[""Copper Ingot"", ""Stick""]","[""Copper Sword""]","{""category"": ""crafting""}"
trading,"[""Coal""]","[""Emerald""]","{""villager_type"": ""Armorer""}"
trading,"[""Emerald""]","[""Iron Helmet""]","{""villager_type"": ""Armorer""}"
trading,"[""Emerald""]","[""Iron Chestplate""]","{""villager_type"": ""Armorer""}"
trading,"[""Emerald""]","[""Iron Leggings""]","{""villager_type"": ""Armorer""}"
trading,"[""Emerald""]","[""Iron Boots""]","{""villager_type"": ""Armorer""}"
trading,"[""Iron Ingot""]","[""Emerald""]","{""villager_type"": ""Armorer""}"
trading,"[""Emerald""]","[""Bell""]","{""villager_type"": ""Armorer""}"
trading,"[""Emerald""]","[""Chainmail Leggings""]","{""villager_type"": ""Armorer""}"
trading,"[""Emerald""]","[""Chainmail Boots""]","{""villager_type"": ""Armorer""}"
trading,"[""Lava Bucket""]","[""Emerald""]","{""villager_type"": ""Armorer""}"
trading,"[""Diamond""]","[""Emerald""]","{""villager_type"": ""Armorer""}"
trading,"[""Emerald""]","[""Chainmail Helmet""]","{""villager_type"": ""Armorer""}"
trading,"[""Emerald""]","[""Chainmail Chestplate""]","{""villager_type"": ""Armorer""}"
trading,"[""Emerald""]","[""Shield""]","{""villager_type"": ""Armorer""}"
trading,"[""Emerald""]","[""Enchanted Diamond Leggings""]","{""villager_type"": ""Armorer""}"
trading,"[""Emerald""]","[""Enchanted Diamond Boots""]","{""villager_type"": ""Armorer""}"
trading,"[""Emerald""]","[""Enchanted Diamond Helmet""]","{""villager_type"": ""Armorer""}"
trading,"[""Emerald""]","[""Enchanted Diamond Chestplate""]","{""villager_type"": ""Armorer""}"
trading,"[""Raw Chicken""]","[""Emerald""]","{""villager_type"": ""Butcher""}"
trading,"[""Raw Rabbit""]","[""Emerald""]","{""villager_type"": ""Butcher""}"
trading,"[""Raw Porkchop""]","[""Emerald""]","{""villager_type"": ""Butcher""}"
trading,"[""Emerald""]","[""Rabbit Stew""]","{""villager_type"": ""Butcher""}"
trading,"[""Coal""]","[""Emerald""]","{""villager_type"": ""Butcher""}"
trading,"[""Emerald""]","[""Cooked Chicken""]","{""villager_type"": ""Butcher""}"
trading,"[""Emerald""]","[""Cooked Porkchop""]","{""villager_type"": ""Butcher""}"
trading,"[""Raw Beef""]","[""Emerald""]","{""villager_type"": ""Butcher""}"
trading,"[""Raw Mutton""]","[""Emerald""]","{""villager_type"": ""Butcher""}"
trading,"[""Dried Kelp Block""]","[""Emerald""]","{""villager_type"": ""Butcher""}"
trading,"[""Sweet Berries""]","[""Emerald""]","{""villager_type"": ""Butcher""}"
trading,"[""Paper""]","[""Emerald""]","{""villager_type"": ""Cartographer""}"
trading,"[""Emerald""]","[""Empty Map""]","{""villager_type"": ""Cartographer""}"
trading,"[""Glass Pane""]","[""Emerald""]","{""villager_type"": ""Cartographer""}"
trading,"[""Compass"", ""Emerald""]","[""Explorer Map""]","{""villager_type"": ""Cartographer""}"
trading,"[""Compass""]","[""Emerald""]","{""villager_type"": ""Cartographer""}"
trading,"[""Compass"", ""Emerald""]","[""Ocean Explorer Map""]","{""villager_type"": ""Cartographer""}"
trading,"[""Compass"", ""Emerald""]","[""Trial Explorer Map""]","{""villager_type"": ""Cartographer""}"
trading,"[""Emerald""]","[""Item Frame""]","{""villager_type"": ""Cartographer""}"
trading,"[""Emerald""]","[""Banner""]","{""villager_type"": ""Cartographer""}"
trading,"[""Emerald""]","[""Globe Banner Pattern""]","{""villager_type"": ""Cartographer""}"
trading,"[""Compass"", ""Emerald""]","[""Woodland Explorer Map""]","{""villager_type"": ""Cartographer""}"
trading,"[""Rotten Flesh""]","[""Emerald""]","{""villager_type"": ""Cleric""}"
trading,"[""Emerald""]","[""Redstone Dust""]","{""villager_type"": ""Cleric""}"
trading,"[""Gold Ingot""]","[""Emerald""]","{""villager_type"": ""Cleric""}"
trading,"[""Emerald""]","[""Lapis Lazuli""]","{""villager_type"": ""Cleric""}"
trading,"[""Rabbit's Foot""]","[""Emerald""]","{""villager_type"": ""Cleric""}"
trading,"[""Emerald""]","[""Glowstone""]","{""villager_type"": ""Cleric""}"
trading,"[""Turtle Scute""]","[""Emerald""]","{""villager_type"": ""Cleric""}"
trading,"[""Glass Bottle""]","[""Emerald""]","{""villager_type"": ""Cleric""}"
trading,"[""Emerald""]","[""Ender Pearl""]","{""villager_type"": ""Cleric""}"
trading,"[""Nether Wart""]","[""Emerald""]","{""villager_type"": ""Cleric""}"
trading,"[""Emerald""]","[""Bottle o' Enchanting""]","{""villager_type"": ""Cleric""}"
trading,"[""Wheat""]","[""Emerald""]","{""villager_type"": ""Farmer""}"
trading,"[""Potato""]","[""Emerald""]","{""villager_type"": ""Farmer""}"
trading,"[""Carrot""]","[""Emerald""]","{""villager_type"": ""Farmer""}"
trading,"[""Beetroot""]","[""Emerald""]","{""villager_type"": ""Farmer""}"
trading,"[""Emerald""]","[""Bread""]","{""villager_type"": ""Farmer""}"
trading,"[""Pumpkin""]","[""Emerald""]","{""villager_type"": ""Farmer""}"
trading,"[""Emerald""]","[""Pumpkin Pie""]","{""villager_type"": ""Farmer""}"
trading,"[""Emerald""]","[""Apple""]","{""villager_type"": ""Farmer""}"
trading,"[""Melon""]","[""Emerald""]","{""villager_type"": ""Farmer""}"
trading,"[""Emerald""]","[""Cookie""]","{""villager_type"": ""Farmer""}"
trading,"[""Emerald""]","[""Suspicious Stew""]","{""villager_type"": ""Farmer""}"
trading,"[""Emerald""]","[""Suspicious Stew""]","{""villager_type"": ""Farmer""}"
trading,"[""Emerald""]","[""Suspicious Stew""]","{""villager_type"": ""Farmer""}"
trading,"[""Emerald""]","[""Suspicious Stew""]","{""villager_type"": ""Farmer""}"
trading,"[""Emerald""]","[""Suspicious Stew""]","{""villager_type"": ""Farmer""}"
trading,"[""Emerald""]","[""Suspicious Stew""]","{""villager_type"": ""Farmer""}"
trading,"[""Emerald""]","[""Cake""]","{""villager_type"": ""Farmer""}"
trading,"[""Emerald""]","[""Golden Carrot""]","{""villager_type"": ""Farmer""}"
trading,"[""Emerald""]","[""Glistering Melon Slice""]","{""villager_type"": ""Farmer""}"
trading,"[""String""]","[""Emerald""]","{""villager_type"": ""Fisherman""}"
trading,"[""Coal""]","[""Emerald""]","{""villager_type"": ""Fisherman""}"
trading,"[""Emerald""]","[""Bucket of Cod""]","{""villager_type"": ""Fisherman""}"
trading,"[""Raw Cod"", ""Emerald""]","[""Cooked Cod""]","{""villager_type"": ""Fisherman""}"
trading,"[""Raw Cod""]","[""Emerald""]","{""villager_type"": ""Fisherman""}"
trading,"[""Emerald""]","[""Campfire""]","{""villager_type"": ""Fisherman""}"
trading,"[""Emerald"", ""Raw Salmon""]","[""Cooked Salmon""]","{""villager_type"": ""Fisherman""}"
trading,"[""Raw Salmon""]","[""Emerald""]","{""villager_type"": ""Fisherman""}"
trading,"[""Emerald""]","[""Enchanted Fishing Rod""]","{""villager_type"": ""Fisherman""}"
trading,"[""Tropical Fish (item)""]","[""Emerald""]","{""villager_type"": ""Fisherman""}"
trading,"[""Pufferfish (item)""]","[""Emerald""]","{""villager_type"": ""Fisherman""}"
trading,"[""Boat""]","[""Emerald""]","{""villager_type"": ""Fisherman""}"
trading,"[""Stick""]","[""Emerald""]","{""villager_type"": ""Fletcher""}"
trading,"[""Emerald""]","[""Arrow""]","{""villager_type"": ""Fletcher""}"
trading,"[""Emerald"", ""Gravel""]","[""Flint""]","{""villager_type"": ""Fletcher""}"
trading,"[""Flint""]","[""Emerald""]","{""villager_type"": ""Fletcher""}"
trading,"[""Emerald""]","[""Bow""]","{""villager_type"": ""Fletcher""}"
trading,"[""String""]","[""Emerald""]","{""villager_type"": ""Fletcher""}"
trading,"[""Emerald""]","[""Crossbow""]","{""villager_type"": ""Fletcher""}"
trading,"[""Feather""]","[""Emerald""]","{""villager_type"": ""Fletcher""}"
trading,"[""Emerald""]","[""Enchanted Bow""]","{""villager_type"": ""Fletcher""}"
trading,"[""Tripwire Hook""]","[""Emerald""]","{""villager_type"": ""Fletcher""}"
trading,"[""Emerald""]","[""Enchanted Crossbow""]","{""villager_type"": ""Fletcher""}"
trading,"[""Emerald"", ""Arrow""]","[""Tipped Arrow""]","{""villager_type"": ""Fletcher""}"
trading,"[""Leather""]","[""Emerald""]","{""villager_type"": ""Leatherworker""}"
trading,"[""Emerald""]","[""Leather Pants""]","{""villager_type"": ""Leatherworker""}"
trading,"[""Emerald""]","[""Leather Tunic""]","{""villager_type"": ""Leatherworker""}"
trading,"[""Flint""]","[""Emerald""]","{""villager_type"": ""Leatherworker""}"
trading,"[""Emerald""]","[""Leather Cap""]","{""villager_type"": ""Leatherworker""}"
trading,"[""Emerald""]","[""Leather Boots""]","{""villager_type"": ""Leatherworker""}"
trading,"[""Rabbit Hide""]","[""Emerald""]","{""villager_type"": ""Leatherworker""}"
trading,"[""Emerald""]","[""Leather Tunic""]","{""villager_type"": ""Leatherworker""}"
trading,"[""Turtle Scute""]","[""Emerald""]","{""villager_type"": ""Leatherworker""}"
trading,"[""Emerald""]","[""Leather Horse Armor""]","{""villager_type"": ""Leatherworker""}"
trading,"[""Emerald""]","[""Leather Cap""]","{""villager_type"": ""Leatherworker""}"
trading,"[""Emerald""]","[""Saddle""]","{""villager_type"": ""Leatherworker""}"
trading,"[""Paper""]","[""Emerald""]","{""villager_type"": ""Librarian""}"
trading,"[""Emerald""]","[""Bookshelf""]","{""villager_type"": ""Librarian""}"
trading,"[""Emerald"", ""Book""]","[""Enchanted Book""]","{""villager_type"": ""Librarian""}"
trading,"[""Book""]","[""Emerald""]","{""villager_type"": ""Librarian""}"
trading,"[""Emerald""]","[""Lantern""]","{""villager_type"": ""Librarian""}"
trading,"[""Emerald"", ""Book""]","[""Enchanted Book""]","{""villager_type"": ""Librarian""}"
trading,"[""Ink Sac""]","[""Emerald""]","{""villager_type"": ""Librarian""}"
trading,"[""Emerald""]","[""Glass""]","{""villager_type"": ""Librarian""}"
trading,"[""Emerald"", ""Book""]","[""Enchanted Book""]","{""villager_type"": ""Librarian""}"
trading,"[""Book and Quill""]","[""Emerald""]","{""villager_type"": ""Librarian""}"
trading,"[""Emerald""]","[""Compass""]","{""villager_type"": ""Librarian""}"
trading,"[""Emerald""]","[""Clock""]","{""villager_type"": ""Librarian""}"
trading,"[""Emerald"", ""Book""]","[""Enchanted Book""]","{""villager_type"": ""Librarian""}"
trading,"[""Emerald""]","[""Name Tag""]","{""villager_type"": ""Librarian""}"
trading,"[""Clay Ball""]","[""Emerald""]","{""villager_type"": ""Mason""}"
trading,"[""Emerald""]","[""Brick""]","{""villager_type"": ""Mason""}"
trading,"[""Stone""]","[""Emerald""]","{""villager_type"": ""Mason""}"
trading,"[""Emerald""]","[""Chiseled Stone Bricks""]","{""villager_type"": ""Mason""}"
trading,"[""Granite""]","[""Emerald""]","{""villager_type"": ""Mason""}"
trading,"[""Andesite""]","[""Emerald""]","{""villager_type"": ""Mason""}"
trading,"[""Diorite""]","[""Emerald""]","{""villager_type"": ""Mason""}"
trading,"[""Emerald""]","[""Dripstone Block""]","{""villager_type"": ""Mason""}"
trading,"[""Emerald""]","[""Polished Andesite""]","{""villager_type"": ""Mason""}"
trading,"[""Emerald""]","[""Polished Diorite""]","{""villager_type"": ""Mason""}"
trading,"[""Emerald""]","[""Polished Granite""]","{""villager_type"": ""Mason""}"
trading,"[""Nether Quartz""]","[""Emerald""]","{""villager_type"": ""Mason""}"
trading,"[""Emerald""]","[""Stained Terracotta""]","{""villager_type"": ""Mason""}"
trading,"[""Emerald""]","[""Glazed Terracotta""]","{""villager_type"": ""Mason""}"
trading,"[""Emerald""]","[""Quartz Pillar""]","{""villager_type"": ""Mason""}"
trading,"[""Emerald""]","[""Block of Quartz""]","{""villager_type"": ""Mason""}"
trading,"[""White Wool""]","[""Emerald""]","{""villager_type"": ""Shepherd""}"
trading,"[""Brown Wool""]","[""Emerald""]","{""villager_type"": ""Shepherd""}"
trading,"[""Black Wool""]","[""Emerald""]","{""villager_type"": ""Shepherd""}"
trading,"[""Gray Wool""]","[""Emerald""]","{""villager_type"": ""Shepherd""}"
trading,"[""Emerald""]","[""Shears""]","{""villager_type"": ""Shepherd""}"
trading,"[""White Dye""]","[""Emerald""]","{""villager_type"": ""Shepherd""}"
trading,"[""Gray Dye""]","[""Emerald""]","{""villager_type"": ""Shepherd""}"
trading,"[""Black Dye""]","[""Emerald""]","{""villager_type"": ""Shepherd""}"
trading,"[""Light Blue Dye""]","[""Emerald""]","{""villager_type"": ""Shepherd""}"
trading,"[""Lime Dye""]","[""Emerald""]","{""villager_type"": ""Shepherd""}"
trading,"[""Emerald""]","[""Wool""]","{""villager_type"": ""Shepherd""}"
trading,"[""Emerald""]","[""Carpet""]","{""villager_type"": ""Shepherd""}"
trading,"[""Yellow Dye""]","[""Emerald""]","{""villager_type"": ""Shepherd""}"
trading,"[""Light Gray Dye""]","[""Emerald""]","{""villager_type"": ""Shepherd""}"
trading,"[""Orange Dye""]","[""Emerald""]","{""villager_type"": ""Shepherd""}"
trading,"[""Red Dye""]","[""Emerald""]","{""villager_type"": ""Shepherd""}"
trading,"[""Pink Dye""]","[""Emerald""]","{""villager_type"": ""Shepherd""}"
trading,"[""Emerald""]","[""Bed""]","{""villager_type"": ""Shepherd""}"
trading,"[""Brown Dye""]","[""Emerald""]","{""villager_type"": ""Shepherd""}"
trading,"[""Purple Dye""]","[""Emerald""]","{""villager_type"": ""Shepherd""}"
trading,"[""Blue Dye""]","[""Emerald""]","{""villager_type"": ""Shepherd""}"
trading,"[""Green Dye""]","[""Emerald""]","{""villager_type"": ""Shepherd""}"
trading,"[""Magenta Dye""]","[""Emerald""]","{""villager_type"": ""Shepherd""}"
trading,"[""Cyan Dye""]","[""Emerald""]","{""villager_type"": ""Shepherd""}"
trading,"[""Emerald""]","[""Banner""]","{""villager_type"": ""Shepherd""}"
trading,"[""Emerald""]","[""Painting""]","{""villager_type"": ""Shepherd""}"
trading,"[""Coal""]","[""Emerald""]","{""villager_type"": ""Toolsmith""}"
trading,"[""Emerald""]","[""Stone Axe""]","{""villager_type"": ""Toolsmith""}"
trading,"[""Emerald""]","[""Stone Shovel""]","{""villager_type"": ""Toolsmith""}"
trading,"[""Emerald""]","[""Stone Pickaxe""]","{""villager_type"": ""Toolsmith""}"
trading,"[""Emerald""]","[""Stone Hoe""]","{""villager_type"": ""Toolsmith""}"
trading,"[""Iron Ingot""]","[""Emerald""]","{""villager_type"": ""Toolsmith""}"
trading,"[""Emerald""]","[""Bell""]","{""villager_type"": ""Toolsmith""}"
trading,"[""Flint""]","[""Emerald""]","{""villager_type"": ""Toolsmith""}"
trading,"[""Emerald""]","[""Enchanted Iron Axe""]","{""villager_type"": ""Toolsmith""}"
trading,"[""Emerald""]","[""Enchanted Iron Shovel""]","{""villager_type"": ""Toolsmith""}"
trading,"[""Emerald""]","[""Enchanted Iron Pickaxe""]","{""villager_type"": ""Toolsmith""}"
trading,"[""Emerald""]","[""Diamond Hoe""]","{""villager_type"": ""Toolsmith""}"
trading,"[""Diamond""]","[""Emerald""]","{""villager_type"": ""Toolsmith""}"
trading,"[""Emerald""]","[""Enchanted Diamond Axe""]","{""villager_type"": ""Toolsmith""}"
trading,"[""Emerald""]","[""Enchanted Diamond Shovel""]","{""villager_type"": ""Toolsmith""}"
trading,"[""Emerald""]","[""Enchanted Diamond Pickaxe""]","{""villager_type"": ""Toolsmith""}"
trading,"[""Coal""]","[""Emerald""]","{""villager_type"": ""Weaponsmith""}"
trading,"[""Emerald""]","[""Iron Axe""]","{""villager_type"": ""Weaponsmith""}"
trading,"[""Emerald""]","[""Enchanted Iron Sword""]","{""villager_type"": ""Weaponsmith""}"
trading,"[""Iron Ingot""]","[""Emerald""]","{""villager_type"": ""Weaponsmith""}"
trading,"[""Emerald""]","[""Bell""]","{""villager_type"": ""Weaponsmith""}"
trading,"[""Flint""]","[""Emerald""]","{""villager_type"": ""Weaponsmith""}"
trading,"[""Diamond""]","[""Emerald""]","{""villager_type"": ""Weaponsmith""}"
trading,"[""Emerald""]","[""Enchanted Diamond Axe""]","{""villager_type"": ""Weaponsmith""}"
trading,"[""Emerald""]","[""Enchanted Diamond Sword""]","{""villager_type"": ""Weaponsmith""}"
trading,"[""Hay Bale""]","[""Emerald""]","{""villager_type"": ""Wandering Trader""}"
trading,"[""Water Bottle""]","[""Emerald""]","{""villager_type"": ""Wandering Trader""}"
trading,"[""Baked Potato""]","[""Emerald""]","{""villager_type"": ""Wandering Trader""}"
trading,"[""Milk Bucket""]","[""Emerald""]","{""villager_type"": ""Wandering Trader""}"
trading,"[""Water Bucket""]","[""Emerald""]","{""villager_type"": ""Wandering Trader""}"
trading,"[""Fermented Spider Eye""]","[""Emerald""]","{""villager_type"": ""Wandering Trader""}"
trading,"[""Emerald""]","[""Packed Ice""]","{""villager_type"": ""Wandering Trader""}"
trading,"[""Emerald""]","[""Gunpowder""]","{""villager_type"": ""Wandering Trader""}"
trading,"[""Emerald""]","[""Acacia Log""]","{""villager_type"": ""Wandering Trader""}"
trading,"[""Emerald""]","[""Birch Log""]","{""villager_type"": ""Wandering Trader""}"
trading,"[""Emerald""]","[""Cherry Log""]","{""villager_type"": ""Wandering Trader""}"
trading,"[""Emerald""]","[""Dark Oak Log""]","{""villager_type"": ""Wandering Trader""}"
trading,"[""Emerald""]","[""Jungle Log""]","{""villager_type"": ""Wandering Trader""}"
trading,"[""Emerald""]","[""Mangrove Log""]","{""villager_type"": ""Wandering Trader""}"
trading,"[""Emerald""]","[""Oak Log""]","{""villager_type"": ""Wandering Trader""}"
trading,"[""Emerald""]","[""Pale Oak Log""]","{""villager_type"": ""Wandering Trader""}"
trading,"[""Emerald""]","[""Spruce Log""]","{""villager_type"": ""Wandering Trader""}"
trading,"[""Emerald""]","[""Podzol""]","{""villager_type"": ""Wandering Trader""}"
trading,"[""Emerald""]","[""Potion of Invisibility""]","{""villager_type"": ""Wandering Trader""}"
trading,"[""Emerald""]","[""Blue Ice""]","{""villager_type"": ""Wandering Trader""}"
trading,"[""Emerald""]","[""Enchanted Iron Pickaxe""]","{""villager_type"": ""Wandering Trader""}"
trading,"[""Emerald""]","[""Fern""]","{""villager_type"": ""Wandering Trader""}"
trading,"[""Emerald""]","[""Sugar Cane""]","{""villager_type"": ""Wandering Trader""}"
trading,"[""Emerald""]","[""Pumpkin""]","{""villager_type"": ""Wandering Trader""}"
trading,"[""Emerald""]","[""Dandelion""]","{""villager_type"": ""Wandering Trader""}"
trading,"[""Emerald""]","[""Poppy""]","{""villager_type"": ""Wandering Trader""}"
trading,"[""Emerald""]","[""Allium""]","{""villager_type"": ""Wandering Trader""}"
trading,"[""Emerald""]","[""Azure Bluet""]","{""villager_type"": ""Wandering Trader""}"
trading,"[""Emerald""]","[""Red Tulip""]","{""villager_type"": ""Wandering Trader""}"
trading,"[""Emerald""]","[""Orange Tulip""]","{""villager_type"": ""Wandering Trader""}"
trading,"[""Emerald""]","[""White Tulip""]","{""villager_type"": ""Wandering Trader""}"
trading,"[""Emerald""]","[""Pink Tulip""]","{""villager_type"": ""Wandering Trader""}"
trading,"[""Emerald""]","[""Oxeye Daisy""]","{""villager_type"": ""Wandering Trader""}"
trading,"[""Emerald""]","[""Cornflower""]","{""villager_type"": ""Wandering Trader""}"
trading,"[""Emerald""]","[""Blue Orchid""]","{""villager_type"": ""Wandering Trader""}"
trading,"[""Emerald""]","[""Lily of the Valley""]","{""villager_type"": ""Wandering Trader""}"
trading,"[""Emerald""]","[""Open Eyeblossom""]","{""villager_type"": ""Wandering Trader""}"
trading,"[""Emerald""]","[""Wheat Seeds""]","{""villager_type"": ""Wandering Trader""}"
trading,"[""Emerald""]","[""Beetroot Seeds""]","{""villager_type"": ""Wandering Trader""}"
trading,"[""Emerald""]","[""Pumpkin Seeds""]","{""villager_type"": ""Wandering Trader""}"
trading,"[""Emerald""]","[""Melon Seeds""]","{""villager_type"": ""Wandering Trader""}"
trading,"[""Emerald""]","[""White Dye""]","{""villager_type"": ""Wandering Trader""}"
trading,"[""Emerald""]","[""Light Gray Dye""]","{""villager_type"": ""Wandering Trader""}"
trading,"[""Emerald""]","[""Gray Dye""]","{""villager_type"": ""Wandering Trader""}"
trading,"[""Emerald""]","[""Black Dye""]","{""villager_type"": ""Wandering Trader""}"
trading,"[""Emerald""]","[""Brown Dye""]","{""villager_type"": ""Wandering Trader""}"
trading,"[""Emerald""]","[""Red Dye""]","{""villager_type"": ""Wandering Trader""}"
trading,"[""Emerald""]","[""Orange Dye""]","{""villager_type"": ""Wandering Trader""}"
trading,"[""Emerald""]","[""Yellow Dye""]","{""villager_type"": ""Wandering Trader""}"
trading,"[""Emerald""]","[""Lime Dye""]","{""villager_type"": ""Wandering Trader""}"
trading,"[""Emerald""]","[""Green Dye""]","{""villager_type"": ""Wandering Trader""}"
trading,"[""Emerald""]","[""Cyan Dye""]","{""villager_type"": ""Wandering Trader""}"
trading,"[""Emerald""]","[""Light Blue Dye""]","{""villager_type"": ""Wandering Trader""}"
trading,"[""Emerald""]","[""Blue Dye""]","{""villager_type"": ""Wandering Trader""}"
trading,"[""Emerald""]","[""Purple Dye""]","{""villager_type"": ""Wandering Trader""}"
trading,"[""Emerald""]","[""Magenta Dye""]","{""villager_type"": ""Wandering Trader""}"
trading,"[""Emerald""]","[""Pink Dye""]","{""villager_type"": ""Wandering Trader""}"
trading,"[""Emerald""]","[""Vines""]","{""villager_type"": ""Wandering Trader""}"
trading,"[""Emerald""]","[""Pale Hanging Moss""]","{""villager_type"": ""Wandering Trader""}"
trading,"[""Emerald""]","[""Brown Mushroom""]","{""villager_type"": ""Wandering Trader""}"
trading,"[""Emerald""]","[""Red Mushroom""]","{""villager_type"": ""Wandering Trader""}"
trading,"[""Emerald""]","[""Lily Pad""]","{""villager_type"": ""Wandering Trader""}"
trading,"[""Emerald""]","[""Small Dripleaf""]","{""villager_type"": ""Wandering Trader""}"
trading,"[""Emerald""]","[""Sand""]","{""villager_type"": ""Wandering Trader""}"
trading,"[""Emerald""]","[""Red Sand""]","{""villager_type"": ""Wandering Trader""}"
trading,"[""Emerald""]","[""Pointed Dripstone""]","{""villager_type"": ""Wandering Trader""}"
trading,"[""Emerald""]","[""Rooted Dirt""]","{""villager_type"": ""Wandering Trader""}"
trading,"[""Emerald""]","[""Moss Block""]","{""villager_type"": ""Wandering Trader""}"
trading,"[""Emerald""]","[""Pale Moss Block""]","{""villager_type"": ""Wandering Trader""}"
trading,"[""Emerald""]","[""Wildflowers""]","{""villager_type"": ""Wandering Trader""}"
trading,"[""Emerald""]","[""Tall Dry Grass""]","{""villager_type"": ""Wandering Trader""}"
trading,"[""Emerald""]","[""Sea Pickle""]","{""villager_type"": ""Wandering Trader""}"
trading,"[""Emerald""]","[""Glowstone""]","{""villager_type"": ""Wandering Trader""}"
trading,"[""Emerald""]","[""Bucket of Tropical Fish""]","{""villager_type"": ""Wandering Trader""}"
trading,"[""Emerald""]","[""Bucket of Pufferfish""]","{""villager_type"": ""Wandering Trader""}"
trading,"[""Emerald""]","[""Kelp""]","{""villager_type"": ""Wandering Trader""}"
trading,"[""Emerald""]","[""Cactus""]","{""villager_type"": ""Wandering Trader""}"
trading,"[""Emerald""]","[""Brain Coral Block""]","{""villager_type"": ""Wandering Trader""}"
trading,"[""Emerald""]","[""Bubble Coral Block""]","{""villager_type"": ""Wandering Trader""}"
trading,"[""Emerald""]","[""Fire Coral Block""]","{""villager_type"": ""Wandering Trader""}"
trading,"[""Emerald""]","[""Horn Coral Block""]","{""villager_type"": ""Wandering Trader""}"
trading,"[""Emerald""]","[""Tube Coral Block""]","{""villager_type"": ""Wandering Trader""}"
trading,"[""Emerald""]","[""Firefly Bush""]","{""villager_type"": ""Wandering Trader""}"
trading,"[""Emerald""]","[""Slimeball""]","{""villager_type"": ""Wandering Trader""}"
trading,"[""Emerald""]","[""Acacia Sapling""]","{""villager_type"": ""Wandering Trader""}"
trading,"[""Emerald""]","[""Birch Sapling""]","{""villager_type"": ""Wandering Trader""}"
trading,"[""Emerald""]","[""Cherry Sapling""]","{""villager_type"": ""Wandering Trader""}"
trading,"[""Emerald""]","[""Dark Oak Sapling""]","{""villager_type"": ""Wandering Trader""}"
trading,"[""Emerald""]","[""Jungle Sapling""]","{""villager_type"": ""Wandering Trader""}"
trading,"[""Emerald""]","[""Mangrove Propagule""]","{""villager_type"": ""Wandering Trader""}"
trading,"[""Emerald""]","[""Oak Sapling""]","{""villager_type"": ""Wandering Trader""}"
trading,"[""Emerald""]","[""Pale Oak Sapling""]","{""villager_type"": ""Wandering Trader""}"
trading,"[""Emerald""]","[""Spruce Sapling""]","{""villager_type"": ""Wandering Trader""}"
trading,"[""Emerald""]","[""Nautilus Shell""]","{""villager_type"": ""Wandering Trader""}"
mob_drop,"[""Armadillo""]","[""Armadillo Scute""]","{""probability"": 1.0}"
mob_drop,"[""Fox""]","[""Emerald""]","{""probability"": 1.0}"
mob_drop,"[""Fox""]","[""Rabbit's Foot""]","{""probability"": 1.0}"
mob_drop,"[""Fox""]","[""Rabbit Hide""]","{""probability"": 1.0}"
mob_drop,"[""Fox""]","[""Egg""]","{""probability"": 0.04}"
mob_drop,"[""Fox""]","[""Wheat""]","{""probability"": 1.0}"
mob_drop,"[""Fox""]","[""Leather""]","{""probability"": 1.0}"
mob_drop,"[""Fox""]","[""Feather""]","{""probability"": 0.03}"
mob_drop,"[""Cat""]","[""Rabbit's foot""]","{""probability"": 0.1613}"
mob_drop,"[""Cat""]","[""Rabbit hide""]","{""probability"": 1.0}"
mob_drop,"[""Cat""]","[""String""]","{""probability"": 1.0}"
mob_drop,"[""Cat""]","[""Rotten flesh""]","{""probability"": 1.0}"
mob_drop,"[""Cat""]","[""Feather""]","{""probability"": 1.0}"
mob_drop,"[""Cat""]","[""Raw chicken""]","{""probability"": 1.0}"
mob_drop,"[""Cat""]","[""Phantom membrane""]","{""probability"": 0.0322}"
